,time,local_time,x_axis,time_s,timef,local_timef,rate
0,2022-06-15 09:30:12.880,2022-06-15 09:30:38.047,09:30:12.880,1655256612.0,1655256612880.0,1655256638047.0,25.167
1,2022-06-15 09:30:17.370,2022-06-15 09:30:50.032,09:30:17.370,1655256617.0,1655256617370.0,1655256650032.0,32.662
2,2022-06-15 09:30:18.130,2022-06-15 09:30:52.062,09:30:18.130,1655256618.0,1655256618130.0,1655256652062.0,33.932
3,2022-06-15 09:30:20.700,2022-06-15 09:30:58.052,09:30:20.700,1655256620.0,1655256620700.0,1655256658052.0,37.352
4,2022-06-15 09:30:32.060,2022-06-15 09:31:17.029,09:30:32.060,1655256632.0,1655256632060.0,1655256677029.0,44.969
5,2022-06-15 09:30:33.230,2022-06-15 09:31:19.020,09:30:33.230,1655256633.0,1655256633230.0,1655256679020.0,45.79
6,2022-06-15 09:30:47.910,2022-06-15 09:31:36.007,09:30:47.910,1655256647.0,1655256647910.0,1655256696007.0,48.097
7,2022-06-15 09:30:47.910,2022-06-15 09:31:36.007,09:30:47.910,1655256647.0,1655256647910.0,1655256696007.0,48.097
8,2022-06-15 09:30:50.850,2022-06-15 09:31:39.037,09:30:50.850,1655256650.0,1655256650850.0,1655256699037.0,48.187
9,2022-06-15 09:30:50.850,2022-06-15 09:31:39.037,09:30:50.850,1655256650.0,1655256650850.0,1655256699037.0,48.187
10,2022-06-15 09:30:50.850,2022-06-15 09:31:39.037,09:30:50.850,1655256650.0,1655256650850.0,1655256699037.0,48.187
11,2022-06-15 09:30:53.520,2022-06-15 09:31:42.019,09:30:53.520,1655256653.0,1655256653520.0,1655256702019.0,48.499
12,2022-06-15 09:30:53.580,2022-06-15 09:31:42.019,09:30:53.580,1655256653.0,1655256653580.0,1655256702019.0,48.439
13,2022-06-15 09:30:56.170,2022-06-15 09:31:44.063,09:30:56.170,1655256656.0,1655256656170.0,1655256704063.0,47.893
14,2022-06-15 09:30:56.220,2022-06-15 09:31:44.063,09:30:56.220,1655256656.0,1655256656220.0,1655256704063.0,47.843
15,2022-06-15 09:30:56.240,2022-06-15 09:31:45.009,09:30:56.240,1655256656.0,1655256656240.0,1655256705009.0,48.769
16,2022-06-15 09:30:56.240,2022-06-15 09:31:45.009,09:30:56.240,1655256656.0,1655256656240.0,1655256705009.0,48.769
17,2022-06-15 09:30:56.240,2022-06-15 09:31:45.009,09:30:56.240,1655256656.0,1655256656240.0,1655256705009.0,48.769
18,2022-06-15 09:30:56.240,2022-06-15 09:31:45.009,09:30:56.240,1655256656.0,1655256656240.0,1655256705009.0,48.769
19,2022-06-15 09:30:59.210,2022-06-15 09:31:47.128,09:30:59.210,1655256659.0,1655256659210.0,1655256707128.0,47.918
20,2022-06-15 09:30:59.210,2022-06-15 09:31:47.128,09:30:59.210,1655256659.0,1655256659210.0,1655256707128.0,47.918
21,2022-06-15 09:30:59.260,2022-06-15 09:31:48.020,09:30:59.260,1655256659.0,1655256659260.0,1655256708020.0,48.76
22,2022-06-15 09:30:59.260,2022-06-15 09:31:48.020,09:30:59.260,1655256659.0,1655256659260.0,1655256708020.0,48.76
23,2022-06-15 09:30:59.280,2022-06-15 09:31:48.020,09:30:59.280,1655256659.0,1655256659280.0,1655256708020.0,48.74
24,2022-06-15 09:30:59.280,2022-06-15 09:31:48.020,09:30:59.280,1655256659.0,1655256659280.0,1655256708020.0,48.74
25,2022-06-15 09:30:59.330,2022-06-15 09:31:48.021,09:30:59.330,1655256659.0,1655256659330.0,1655256708021.0,48.691
26,2022-06-15 09:30:59.370,2022-06-15 09:31:48.021,09:30:59.370,1655256659.0,1655256659370.0,1655256708021.0,48.651
27,2022-06-15 09:30:59.380,2022-06-15 09:31:48.021,09:30:59.380,1655256659.0,1655256659380.0,1655256708021.0,48.641
28,2022-06-15 09:31:02.060,2022-06-15 09:31:51.032,09:31:02.060,1655256662.0,1655256662060.0,1655256711032.0,48.972
29,2022-06-15 09:31:02.260,2022-06-15 09:31:51.055,09:31:02.260,1655256662.0,1655256662260.0,1655256711055.0,48.795
30,2022-06-15 09:31:06.240,2022-06-15 09:31:56.069,09:31:06.240,1655256666.0,1655256666240.0,1655256716069.0,49.829
31,2022-06-15 09:31:09.890,2022-06-15 09:32:01.032,09:31:09.890,1655256669.0,1655256669890.0,1655256721032.0,51.142
32,2022-06-15 09:31:14.230,2022-06-15 09:32:06.053,09:31:14.230,1655256674.0,1655256674230.0,1655256726053.0,51.823
33,2022-06-15 09:31:14.230,2022-06-15 09:32:06.053,09:31:14.230,1655256674.0,1655256674230.0,1655256726053.0,51.823
34,2022-06-15 09:31:18.080,2022-06-15 09:32:11.053,09:31:18.080,1655256678.0,1655256678080.0,1655256731053.0,52.973
35,2022-06-15 09:31:18.120,2022-06-15 09:32:11.053,09:31:18.120,1655256678.0,1655256678120.0,1655256731053.0,52.933
36,2022-06-15 09:31:18.240,2022-06-15 09:32:11.054,09:31:18.240,1655256678.0,1655256678240.0,1655256731054.0,52.814
37,2022-06-15 09:31:18.240,2022-06-15 09:32:11.054,09:31:18.240,1655256678.0,1655256678240.0,1655256731054.0,52.814
38,2022-06-15 09:31:18.360,2022-06-15 09:32:11.088,09:31:18.360,1655256678.0,1655256678360.0,1655256731088.0,52.728
39,2022-06-15 09:31:18.360,2022-06-15 09:32:11.088,09:31:18.360,1655256678.0,1655256678360.0,1655256731088.0,52.728
40,2022-06-15 09:31:19.500,2022-06-15 09:32:13.053,09:31:19.500,1655256679.0,1655256679500.0,1655256733053.0,53.553
41,2022-06-15 09:31:25.500,2022-06-15 09:32:20.067,09:31:25.500,1655256685.0,1655256685500.0,1655256740067.0,54.567
42,2022-06-15 09:31:27.990,2022-06-15 09:32:23.087,09:31:27.990,1655256687.0,1655256687990.0,1655256743087.0,55.097
43,2022-06-15 09:31:28.530,2022-06-15 09:32:24.054,09:31:28.530,1655256688.0,1655256688530.0,1655256744054.0,55.524
44,2022-06-15 09:31:42.070,2022-06-15 09:32:40.030,09:31:42.070,1655256702.0,1655256702070.0,1655256760030.0,57.96
45,2022-06-15 09:31:42.250,2022-06-15 09:32:40.050,09:31:42.250,1655256702.0,1655256702250.0,1655256760050.0,57.8
46,2022-06-15 09:32:11.100,2022-06-15 09:33:11.036,09:32:11.100,1655256731.0,1655256731100.0,1655256791036.0,59.936
47,2022-06-15 09:32:12.270,2022-06-15 09:33:13.009,09:32:12.270,1655256732.0,1655256732270.0,1655256793009.0,60.739
48,2022-06-15 09:32:12.390,2022-06-15 09:33:13.017,09:32:12.390,1655256732.0,1655256732390.0,1655256793017.0,60.627
49,2022-06-15 09:32:17.350,2022-06-15 09:33:18.025,09:32:17.350,1655256737.0,1655256737350.0,1655256798025.0,60.675
50,2022-06-15 09:32:17.350,2022-06-15 09:33:18.025,09:32:17.350,1655256737.0,1655256737350.0,1655256798025.0,60.675
51,2022-06-15 09:32:23.440,2022-06-15 09:33:24.049,09:32:23.440,1655256743.0,1655256743440.0,1655256804049.0,60.609
52,2022-06-15 09:32:23.460,2022-06-15 09:33:24.049,09:32:23.460,1655256743.0,1655256743460.0,1655256804049.0,60.589
53,2022-06-15 09:32:23.460,2022-06-15 09:33:24.049,09:32:23.460,1655256743.0,1655256743460.0,1655256804049.0,60.589
54,2022-06-15 09:32:23.460,2022-06-15 09:33:24.051,09:32:23.460,1655256743.0,1655256743460.0,1655256804051.0,60.591
55,2022-06-15 09:32:23.460,2022-06-15 09:33:24.051,09:32:23.460,1655256743.0,1655256743460.0,1655256804051.0,60.591
56,2022-06-15 09:32:23.500,2022-06-15 09:33:24.056,09:32:23.500,1655256743.0,1655256743500.0,1655256804056.0,60.556
57,2022-06-15 09:32:26.430,2022-06-15 09:33:27.058,09:32:26.430,1655256746.0,1655256746430.0,1655256807058.0,60.628
58,2022-06-15 09:32:26.430,2022-06-15 09:33:27.058,09:32:26.430,1655256746.0,1655256746430.0,1655256807058.0,60.628
59,2022-06-15 09:32:26.450,2022-06-15 09:33:27.058,09:32:26.450,1655256746.0,1655256746450.0,1655256807058.0,60.608
60,2022-06-15 09:32:26.520,2022-06-15 09:33:27.066,09:32:26.520,1655256746.0,1655256746520.0,1655256807066.0,60.546
61,2022-06-15 09:32:26.570,2022-06-15 09:33:27.070,09:32:26.570,1655256746.0,1655256746570.0,1655256807070.0,60.5
62,2022-06-15 09:32:26.630,2022-06-15 09:33:27.070,09:32:26.630,1655256746.0,1655256746630.0,1655256807070.0,60.44
63,2022-06-15 09:32:26.670,2022-06-15 09:33:27.070,09:32:26.670,1655256746.0,1655256746670.0,1655256807070.0,60.4
64,2022-06-15 09:32:29.410,2022-06-15 09:33:30.030,09:32:29.410,1655256749.0,1655256749410.0,1655256810030.0,60.62
65,2022-06-15 09:32:29.410,2022-06-15 09:33:30.030,09:32:29.410,1655256749.0,1655256749410.0,1655256810030.0,60.62
66,2022-06-15 09:32:32.320,2022-06-15 09:33:33.018,09:32:32.320,1655256752.0,1655256752320.0,1655256813018.0,60.698
67,2022-06-15 09:32:32.320,2022-06-15 09:33:33.018,09:32:32.320,1655256752.0,1655256752320.0,1655256813018.0,60.698
68,2022-06-15 09:32:48.730,2022-06-15 09:33:48.060,09:32:48.730,1655256768.0,1655256768730.0,1655256828060.0,59.33
69,2022-06-15 09:32:50.350,2022-06-15 09:33:49.084,09:32:50.350,1655256770.0,1655256770350.0,1655256829084.0,58.734
70,2022-06-15 09:32:56.610,2022-06-15 09:33:55.056,09:32:56.610,1655256776.0,1655256776610.0,1655256835056.0,58.446
71,2022-06-15 09:32:59.620,2022-06-15 09:33:58.002,09:32:59.620,1655256779.0,1655256779620.0,1655256838002.0,58.382
72,2022-06-15 09:33:00.400,2022-06-15 09:33:58.071,09:33:00.400,1655256780.0,1655256780400.0,1655256838071.0,57.671
73,2022-06-15 09:33:00.400,2022-06-15 09:33:58.071,09:33:00.400,1655256780.0,1655256780400.0,1655256838071.0,57.671
74,2022-06-15 09:33:02.320,2022-06-15 09:34:00.066,09:33:02.320,1655256782.0,1655256782320.0,1655256840066.0,57.746
75,2022-06-15 09:33:05.250,2022-06-15 09:34:03.086,09:33:05.250,1655256785.0,1655256785250.0,1655256843086.0,57.836
76,2022-06-15 09:33:07.800,2022-06-15 09:34:07.015,09:33:07.800,1655256787.0,1655256787800.0,1655256847015.0,59.215
77,2022-06-15 09:33:09.290,2022-06-15 09:34:09.014,09:33:09.290,1655256789.0,1655256789290.0,1655256849014.0,59.724
78,2022-06-15 09:33:10.880,2022-06-15 09:34:10.050,09:33:10.880,1655256790.0,1655256790880.0,1655256850050.0,59.17
79,2022-06-15 09:33:10.880,2022-06-15 09:34:10.050,09:33:10.880,1655256790.0,1655256790880.0,1655256850050.0,59.17
80,2022-06-15 09:33:42.330,2022-06-15 09:34:41.061,09:33:42.330,1655256822.0,1655256822330.0,1655256881061.0,58.731
81,2022-06-15 09:33:46.360,2022-06-15 09:34:45.055,09:33:46.360,1655256826.0,1655256826360.0,1655256885055.0,58.695
82,2022-06-15 09:33:46.360,2022-06-15 09:34:45.055,09:33:46.360,1655256826.0,1655256826360.0,1655256885055.0,58.695
83,2022-06-15 09:33:46.360,2022-06-15 09:34:45.055,09:33:46.360,1655256826.0,1655256826360.0,1655256885055.0,58.695
84,2022-06-15 09:33:46.360,2022-06-15 09:34:45.055,09:33:46.360,1655256826.0,1655256826360.0,1655256885055.0,58.695
85,2022-06-15 09:33:46.360,2022-06-15 09:34:45.055,09:33:46.360,1655256826.0,1655256826360.0,1655256885055.0,58.695
86,2022-06-15 09:33:46.360,2022-06-15 09:34:45.055,09:33:46.360,1655256826.0,1655256826360.0,1655256885055.0,58.695
87,2022-06-15 09:33:46.360,2022-06-15 09:34:45.055,09:33:46.360,1655256826.0,1655256826360.0,1655256885055.0,58.695
88,2022-06-15 09:33:48.430,2022-06-15 09:34:47.048,09:33:48.430,1655256828.0,1655256828430.0,1655256887048.0,58.618
89,2022-06-15 09:33:48.430,2022-06-15 09:34:47.048,09:33:48.430,1655256828.0,1655256828430.0,1655256887048.0,58.618
90,2022-06-15 09:33:51.990,2022-06-15 09:34:50.067,09:33:51.990,1655256831.0,1655256831990.0,1655256890067.0,58.077
91,2022-06-15 09:33:53.970,2022-06-15 09:34:52.044,09:33:53.970,1655256833.0,1655256833970.0,1655256892044.0,58.074
92,2022-06-15 09:33:54.080,2022-06-15 09:34:52.065,09:33:54.080,1655256834.0,1655256834080.0,1655256892065.0,57.985
93,2022-06-15 09:33:55.100,2022-06-15 09:34:53.051,09:33:55.100,1655256835.0,1655256835100.0,1655256893051.0,57.951
94,2022-06-15 09:33:55.100,2022-06-15 09:34:53.051,09:33:55.100,1655256835.0,1655256835100.0,1655256893051.0,57.951
95,2022-06-15 09:33:55.100,2022-06-15 09:34:53.051,09:33:55.100,1655256835.0,1655256835100.0,1655256893051.0,57.951
96,2022-06-15 09:33:55.100,2022-06-15 09:34:53.051,09:33:55.100,1655256835.0,1655256835100.0,1655256893051.0,57.951
97,2022-06-15 09:34:00.000,2022-06-15 09:34:57.070,09:34:00.000,1655256840.0,1655256840000.0,1655256897070.0,57.07
98,2022-06-15 09:34:00.060,2022-06-15 09:34:58.012,09:34:00.060,1655256840.0,1655256840060.0,1655256898012.0,57.952
99,2022-06-15 09:34:00.080,2022-06-15 09:34:58.012,09:34:00.080,1655256840.0,1655256840080.0,1655256898012.0,57.932
100,2022-06-15 09:34:00.080,2022-06-15 09:34:58.012,09:34:00.080,1655256840.0,1655256840080.0,1655256898012.0,57.932
101,2022-06-15 09:34:04.510,2022-06-15 09:35:02.057,09:34:04.510,1655256844.0,1655256844510.0,1655256902057.0,57.547
102,2022-06-15 09:34:04.510,2022-06-15 09:35:02.057,09:34:04.510,1655256844.0,1655256844510.0,1655256902057.0,57.547
103,2022-06-15 09:34:06.580,2022-06-15 09:35:05.014,09:34:06.580,1655256846.0,1655256846580.0,1655256905014.0,58.434
104,2022-06-15 09:34:06.580,2022-06-15 09:35:05.014,09:34:06.580,1655256846.0,1655256846580.0,1655256905014.0,58.434
105,2022-06-15 09:34:06.580,2022-06-15 09:35:05.014,09:34:06.580,1655256846.0,1655256846580.0,1655256905014.0,58.434
106,2022-06-15 09:34:06.720,2022-06-15 09:35:05.016,09:34:06.720,1655256846.0,1655256846720.0,1655256905016.0,58.296
107,2022-06-15 09:34:09.300,2022-06-15 09:35:08.005,09:34:09.300,1655256849.0,1655256849300.0,1655256908005.0,58.705
108,2022-06-15 09:34:09.350,2022-06-15 09:35:08.005,09:34:09.350,1655256849.0,1655256849350.0,1655256908005.0,58.655
109,2022-06-15 09:34:10.250,2022-06-15 09:35:08.060,09:34:10.250,1655256850.0,1655256850250.0,1655256908060.0,57.81
110,2022-06-15 09:34:10.250,2022-06-15 09:35:08.060,09:34:10.250,1655256850.0,1655256850250.0,1655256908060.0,57.81
111,2022-06-15 09:34:12.000,2022-06-15 09:35:10.038,09:34:12.000,1655256852.0,1655256852000.0,1655256910038.0,58.038
112,2022-06-15 09:34:12.000,2022-06-15 09:35:10.038,09:34:12.000,1655256852.0,1655256852000.0,1655256910038.0,58.038
113,2022-06-15 09:34:12.000,2022-06-15 09:35:10.038,09:34:12.000,1655256852.0,1655256852000.0,1655256910038.0,58.038
114,2022-06-15 09:34:12.000,2022-06-15 09:35:10.038,09:34:12.000,1655256852.0,1655256852000.0,1655256910038.0,58.038
115,2022-06-15 09:34:12.000,2022-06-15 09:35:10.038,09:34:12.000,1655256852.0,1655256852000.0,1655256910038.0,58.038
116,2022-06-15 09:34:12.010,2022-06-15 09:35:10.054,09:34:12.010,1655256852.0,1655256852010.0,1655256910054.0,58.044
117,2022-06-15 09:34:12.010,2022-06-15 09:35:10.054,09:34:12.010,1655256852.0,1655256852010.0,1655256910054.0,58.044
118,2022-06-15 09:34:12.010,2022-06-15 09:35:10.054,09:34:12.010,1655256852.0,1655256852010.0,1655256910054.0,58.044
119,2022-06-15 09:34:15.030,2022-06-15 09:35:13.106,09:34:15.030,1655256855.0,1655256855030.0,1655256913106.0,58.076
120,2022-06-15 09:34:16.380,2022-06-15 09:35:15.040,09:34:16.380,1655256856.0,1655256856380.0,1655256915040.0,58.66
121,2022-06-15 09:34:16.380,2022-06-15 09:35:15.040,09:34:16.380,1655256856.0,1655256856380.0,1655256915040.0,58.66
122,2022-06-15 09:34:16.380,2022-06-15 09:35:15.040,09:34:16.380,1655256856.0,1655256856380.0,1655256915040.0,58.66
123,2022-06-15 09:34:16.380,2022-06-15 09:35:15.040,09:34:16.380,1655256856.0,1655256856380.0,1655256915040.0,58.66
124,2022-06-15 09:34:35.420,2022-06-15 09:35:32.048,09:34:35.420,1655256875.0,1655256875420.0,1655256932048.0,56.628
125,2022-06-15 09:34:35.420,2022-06-15 09:35:32.048,09:34:35.420,1655256875.0,1655256875420.0,1655256932048.0,56.628
126,2022-06-15 09:34:35.420,2022-06-15 09:35:32.048,09:34:35.420,1655256875.0,1655256875420.0,1655256932048.0,56.628
127,2022-06-15 09:34:35.420,2022-06-15 09:35:32.048,09:34:35.420,1655256875.0,1655256875420.0,1655256932048.0,56.628
128,2022-06-15 09:34:35.420,2022-06-15 09:35:32.048,09:34:35.420,1655256875.0,1655256875420.0,1655256932048.0,56.628
129,2022-06-15 09:34:35.420,2022-06-15 09:35:32.048,09:34:35.420,1655256875.0,1655256875420.0,1655256932048.0,56.628
130,2022-06-15 09:34:35.420,2022-06-15 09:35:32.048,09:34:35.420,1655256875.0,1655256875420.0,1655256932048.0,56.628
131,2022-06-15 09:34:35.420,2022-06-15 09:35:32.048,09:34:35.420,1655256875.0,1655256875420.0,1655256932048.0,56.628
132,2022-06-15 09:34:35.420,2022-06-15 09:35:32.048,09:34:35.420,1655256875.0,1655256875420.0,1655256932048.0,56.628
133,2022-06-15 09:34:35.420,2022-06-15 09:35:32.048,09:34:35.420,1655256875.0,1655256875420.0,1655256932048.0,56.628
134,2022-06-15 09:34:37.200,2022-06-15 09:35:34.027,09:34:37.200,1655256877.0,1655256877200.0,1655256934027.0,56.827
135,2022-06-15 09:34:38.310,2022-06-15 09:35:35.034,09:34:38.310,1655256878.0,1655256878310.0,1655256935034.0,56.724
136,2022-06-15 09:34:38.310,2022-06-15 09:35:35.034,09:34:38.310,1655256878.0,1655256878310.0,1655256935034.0,56.724
137,2022-06-15 09:34:38.310,2022-06-15 09:35:35.034,09:34:38.310,1655256878.0,1655256878310.0,1655256935034.0,56.724
138,2022-06-15 09:34:41.320,2022-06-15 09:35:38.015,09:34:41.320,1655256881.0,1655256881320.0,1655256938015.0,56.695
139,2022-06-15 09:34:41.320,2022-06-15 09:35:38.015,09:34:41.320,1655256881.0,1655256881320.0,1655256938015.0,56.695
140,2022-06-15 09:34:41.350,2022-06-15 09:35:38.015,09:34:41.350,1655256881.0,1655256881350.0,1655256938015.0,56.665
141,2022-06-15 09:34:41.350,2022-06-15 09:35:38.015,09:34:41.350,1655256881.0,1655256881350.0,1655256938015.0,56.665
142,2022-06-15 09:34:41.350,2022-06-15 09:35:38.015,09:34:41.350,1655256881.0,1655256881350.0,1655256938015.0,56.665
143,2022-06-15 09:34:41.350,2022-06-15 09:35:38.015,09:34:41.350,1655256881.0,1655256881350.0,1655256938015.0,56.665
144,2022-06-15 09:34:41.360,2022-06-15 09:35:38.015,09:34:41.360,1655256881.0,1655256881360.0,1655256938015.0,56.655
145,2022-06-15 09:34:41.360,2022-06-15 09:35:38.015,09:34:41.360,1655256881.0,1655256881360.0,1655256938015.0,56.655
146,2022-06-15 09:34:41.360,2022-06-15 09:35:38.015,09:34:41.360,1655256881.0,1655256881360.0,1655256938015.0,56.655
147,2022-06-15 09:34:41.400,2022-06-15 09:35:38.015,09:34:41.400,1655256881.0,1655256881400.0,1655256938015.0,56.615
148,2022-06-15 09:34:41.450,2022-06-15 09:35:38.017,09:34:41.450,1655256881.0,1655256881450.0,1655256938017.0,56.567
149,2022-06-15 09:35:06.300,2022-06-15 09:36:00.051,09:35:06.300,1655256906.0,1655256906300.0,1655256960051.0,53.751
150,2022-06-15 09:35:36.000,2022-06-15 09:36:29.056,09:35:36.000,1655256936.0,1655256936000.0,1655256989056.0,53.056
151,2022-06-15 09:35:36.000,2022-06-15 09:36:29.056,09:35:36.000,1655256936.0,1655256936000.0,1655256989056.0,53.056
152,2022-06-15 09:35:36.970,2022-06-15 09:36:30.027,09:35:36.970,1655256936.0,1655256936970.0,1655256990027.0,53.057
153,2022-06-15 09:35:36.970,2022-06-15 09:36:30.027,09:35:36.970,1655256936.0,1655256936970.0,1655256990027.0,53.057
154,2022-06-15 09:35:38.320,2022-06-15 09:36:31.037,09:35:38.320,1655256938.0,1655256938320.0,1655256991037.0,52.717
155,2022-06-15 09:35:39.460,2022-06-15 09:36:32.039,09:35:39.460,1655256939.0,1655256939460.0,1655256992039.0,52.579
156,2022-06-15 09:35:42.430,2022-06-15 09:36:35.016,09:35:42.430,1655256942.0,1655256942430.0,1655256995016.0,52.586
157,2022-06-15 09:35:56.700,2022-06-15 09:36:46.059,09:35:56.700,1655256956.0,1655256956700.0,1655257006059.0,49.359
158,2022-06-15 09:36:18.520,2022-06-15 09:37:07.109,09:36:18.520,1655256978.0,1655256978520.0,1655257027109.0,48.589
159,2022-06-15 09:36:28.030,2022-06-15 09:37:16.074,09:36:28.030,1655256988.0,1655256988030.0,1655257036074.0,48.044
160,2022-06-15 09:36:28.080,2022-06-15 09:37:16.074,09:36:28.080,1655256988.0,1655256988080.0,1655257036074.0,47.994
161,2022-06-15 09:36:29.060,2022-06-15 09:37:17.064,09:36:29.060,1655256989.0,1655256989060.0,1655257037064.0,48.004
162,2022-06-15 09:36:29.080,2022-06-15 09:37:17.064,09:36:29.080,1655256989.0,1655256989080.0,1655257037064.0,47.984
163,2022-06-15 09:36:32.750,2022-06-15 09:37:20.052,09:36:32.750,1655256992.0,1655256992750.0,1655257040052.0,47.302
164,2022-06-15 09:36:34.190,2022-06-15 09:37:21.085,09:36:34.190,1655256994.0,1655256994190.0,1655257041085.0,46.895
165,2022-06-15 09:36:37.100,2022-06-15 09:37:24.043,09:36:37.100,1655256997.0,1655256997100.0,1655257044043.0,46.943
166,2022-06-15 09:36:37.100,2022-06-15 09:37:24.043,09:36:37.100,1655256997.0,1655256997100.0,1655257044043.0,46.943
167,2022-06-15 09:36:37.220,2022-06-15 09:37:24.043,09:36:37.220,1655256997.0,1655256997220.0,1655257044043.0,46.823
168,2022-06-15 09:36:40.100,2022-06-15 09:37:27.007,09:36:40.100,1655257000.0,1655257000100.0,1655257047007.0,46.907
169,2022-06-15 09:36:40.690,2022-06-15 09:37:27.034,09:36:40.690,1655257000.0,1655257000690.0,1655257047034.0,46.344
170,2022-06-15 09:36:43.550,2022-06-15 09:37:29.075,09:36:43.550,1655257003.0,1655257003550.0,1655257049075.0,45.525
171,2022-06-15 09:36:52.160,2022-06-15 09:37:36.087,09:36:52.160,1655257012.0,1655257012160.0,1655257056087.0,43.927
172,2022-06-15 09:37:00.940,2022-06-15 09:37:44.027,09:37:00.940,1655257020.0,1655257020940.0,1655257064027.0,43.087
173,2022-06-15 09:37:03.390,2022-06-15 09:37:46.054,09:37:03.390,1655257023.0,1655257023390.0,1655257066054.0,42.664
174,2022-06-15 09:37:04.050,2022-06-15 09:37:47.042,09:37:04.050,1655257024.0,1655257024050.0,1655257067042.0,42.992
175,2022-06-15 09:37:23.770,2022-06-15 09:38:05.031,09:37:23.770,1655257043.0,1655257043770.0,1655257085031.0,41.261
176,2022-06-15 09:37:23.770,2022-06-15 09:38:05.031,09:37:23.770,1655257043.0,1655257043770.0,1655257085031.0,41.261
177,2022-06-15 09:37:23.780,2022-06-15 09:38:05.031,09:37:23.780,1655257043.0,1655257043780.0,1655257085031.0,41.251
178,2022-06-15 09:37:23.780,2022-06-15 09:38:05.031,09:37:23.780,1655257043.0,1655257043780.0,1655257085031.0,41.251
179,2022-06-15 09:37:23.810,2022-06-15 09:38:05.031,09:37:23.810,1655257043.0,1655257043810.0,1655257085031.0,41.221
180,2022-06-15 09:37:23.880,2022-06-15 09:38:05.031,09:37:23.880,1655257043.0,1655257043880.0,1655257085031.0,41.151
181,2022-06-15 09:37:23.880,2022-06-15 09:38:05.031,09:37:23.880,1655257043.0,1655257043880.0,1655257085031.0,41.151
182,2022-06-15 09:37:26.800,2022-06-15 09:38:07.037,09:37:26.800,1655257046.0,1655257046800.0,1655257087037.0,40.237
183,2022-06-15 09:37:26.800,2022-06-15 09:38:07.037,09:37:26.800,1655257046.0,1655257046800.0,1655257087037.0,40.237
184,2022-06-15 09:37:26.810,2022-06-15 09:38:07.037,09:37:26.810,1655257046.0,1655257046810.0,1655257087037.0,40.227
185,2022-06-15 09:37:26.920,2022-06-15 09:38:07.041,09:37:26.920,1655257046.0,1655257046920.0,1655257087041.0,40.121
186,2022-06-15 09:37:26.920,2022-06-15 09:38:07.041,09:37:26.920,1655257046.0,1655257046920.0,1655257087041.0,40.121
187,2022-06-15 09:37:29.540,2022-06-15 09:38:09.018,09:37:29.540,1655257049.0,1655257049540.0,1655257089018.0,39.478
188,2022-06-15 09:37:32.160,2022-06-15 09:38:10.067,09:37:32.160,1655257052.0,1655257052160.0,1655257090067.0,37.907
189,2022-06-15 09:37:36.250,2022-06-15 09:38:14.034,09:37:36.250,1655257056.0,1655257056250.0,1655257094034.0,37.784
190,2022-06-15 09:37:36.280,2022-06-15 09:38:14.034,09:37:36.280,1655257056.0,1655257056280.0,1655257094034.0,37.754
191,2022-06-15 09:38:23.350,2022-06-15 09:38:48.043,09:38:23.350,1655257103.0,1655257103350.0,1655257128043.0,24.693
192,2022-06-15 09:38:24.660,2022-06-15 09:38:49.040,09:38:24.660,1655257104.0,1655257104660.0,1655257129040.0,24.38
193,2022-06-15 09:38:24.660,2022-06-15 09:38:49.040,09:38:24.660,1655257104.0,1655257104660.0,1655257129040.0,24.38
194,2022-06-15 09:38:37.720,2022-06-15 09:38:58.044,09:38:37.720,1655257117.0,1655257117720.0,1655257138044.0,20.324
195,2022-06-15 09:38:37.720,2022-06-15 09:38:58.044,09:38:37.720,1655257117.0,1655257117720.0,1655257138044.0,20.324
196,2022-06-15 09:38:37.760,2022-06-15 09:38:58.050,09:38:37.760,1655257117.0,1655257117760.0,1655257138050.0,20.29
197,2022-06-15 09:38:37.780,2022-06-15 09:38:58.050,09:38:37.780,1655257117.0,1655257117780.0,1655257138050.0,20.27
198,2022-06-15 09:39:09.490,2022-06-15 09:39:23.019,09:39:09.490,1655257149.0,1655257149490.0,1655257163019.0,13.529
199,2022-06-15 09:39:09.610,2022-06-15 09:39:23.028,09:39:09.610,1655257149.0,1655257149610.0,1655257163028.0,13.418
200,2022-06-15 09:39:30.770,2022-06-15 09:39:41.033,09:39:30.770,1655257170.0,1655257170770.0,1655257181033.0,10.263
201,2022-06-15 09:40:10.580,2022-06-15 09:40:12.038,09:40:10.580,1655257210.0,1655257210580.0,1655257212038.0,1.458
202,2022-06-15 09:40:10.580,2022-06-15 09:40:12.038,09:40:10.580,1655257210.0,1655257210580.0,1655257212038.0,1.458
203,2022-06-15 09:41:01.300,2022-06-15 09:41:01.588,09:41:01.300,1655257261.0,1655257261300.0,1655257261588.0,0.288
204,2022-06-15 09:41:17.080,2022-06-15 09:41:17.312,09:41:17.080,1655257277.0,1655257277080.0,1655257277312.0,0.232
205,2022-06-15 09:41:17.190,2022-06-15 09:41:17.315,09:41:17.190,1655257277.0,1655257277190.0,1655257277315.0,0.125
206,2022-06-15 09:41:17.260,2022-06-15 09:41:17.564,09:41:17.260,1655257277.0,1655257277260.0,1655257277564.0,0.304
207,2022-06-15 09:41:21.060,2022-06-15 09:41:21.319,09:41:21.060,1655257281.0,1655257281060.0,1655257281319.0,0.259
208,2022-06-15 09:41:28.530,2022-06-15 09:41:28.811,09:41:28.530,1655257288.0,1655257288530.0,1655257288811.0,0.281
209,2022-06-15 09:41:37.770,2022-06-15 09:41:38.063,09:41:37.770,1655257297.0,1655257297770.0,1655257298063.0,0.293
210,2022-06-15 09:41:52.450,2022-06-15 09:41:52.560,09:41:52.450,1655257312.0,1655257312450.0,1655257312560.0,0.11
211,2022-06-15 09:41:52.450,2022-06-15 09:41:52.560,09:41:52.450,1655257312.0,1655257312450.0,1655257312560.0,0.11
212,2022-06-15 09:42:06.270,2022-06-15 09:42:06.562,09:42:06.270,1655257326.0,1655257326270.0,1655257326562.0,0.292
213,2022-06-15 09:43:49.260,2022-06-15 09:43:49.563,09:43:49.260,1655257429.0,1655257429260.0,1655257429563.0,0.303
214,2022-06-15 09:43:49.260,2022-06-15 09:43:49.563,09:43:49.260,1655257429.0,1655257429260.0,1655257429563.0,0.303
215,2022-06-15 09:43:49.360,2022-06-15 09:43:49.563,09:43:49.360,1655257429.0,1655257429360.0,1655257429563.0,0.203
216,2022-06-15 09:43:49.360,2022-06-15 09:43:49.563,09:43:49.360,1655257429.0,1655257429360.0,1655257429563.0,0.203
217,2022-06-15 09:44:11.480,2022-06-15 09:44:11.630,09:44:11.480,1655257451.0,1655257451480.0,1655257451630.0,0.15
218,2022-06-15 09:44:11.480,2022-06-15 09:44:11.630,09:44:11.480,1655257451.0,1655257451480.0,1655257451630.0,0.15
219,2022-06-15 09:44:51.890,2022-06-15 09:44:52.061,09:44:51.890,1655257491.0,1655257491890.0,1655257492061.0,0.171
220,2022-06-15 09:44:51.890,2022-06-15 09:44:52.061,09:44:51.890,1655257491.0,1655257491890.0,1655257492061.0,0.171
221,2022-06-15 09:45:55.920,2022-06-15 09:45:56.063,09:45:55.920,1655257555.0,1655257555920.0,1655257556063.0,0.143
222,2022-06-15 09:46:12.280,2022-06-15 09:46:15.024,09:46:12.280,1655257572.0,1655257572280.0,1655257575024.0,2.744
223,2022-06-15 09:46:21.250,2022-06-15 09:46:23.029,09:46:21.250,1655257581.0,1655257581250.0,1655257583029.0,1.779
224,2022-06-15 09:46:43.290,2022-06-15 09:46:43.576,09:46:43.290,1655257603.0,1655257603290.0,1655257603576.0,0.286
225,2022-06-15 09:46:43.290,2022-06-15 09:46:43.576,09:46:43.290,1655257603.0,1655257603290.0,1655257603576.0,0.286
226,2022-06-15 09:46:43.290,2022-06-15 09:46:43.576,09:46:43.290,1655257603.0,1655257603290.0,1655257603576.0,0.286
227,2022-06-15 09:46:43.290,2022-06-15 09:46:43.576,09:46:43.290,1655257603.0,1655257603290.0,1655257603576.0,0.286
228,2022-06-15 09:46:43.290,2022-06-15 09:46:43.576,09:46:43.290,1655257603.0,1655257603290.0,1655257603576.0,0.286
229,2022-06-15 09:46:43.290,2022-06-15 09:46:43.576,09:46:43.290,1655257603.0,1655257603290.0,1655257603576.0,0.286
230,2022-06-15 09:46:43.290,2022-06-15 09:46:43.576,09:46:43.290,1655257603.0,1655257603290.0,1655257603576.0,0.286
231,2022-06-15 09:46:43.390,2022-06-15 09:46:43.576,09:46:43.390,1655257603.0,1655257603390.0,1655257603576.0,0.186
232,2022-06-15 09:46:43.390,2022-06-15 09:46:43.576,09:46:43.390,1655257603.0,1655257603390.0,1655257603576.0,0.186
233,2022-06-15 09:46:43.410,2022-06-15 09:46:43.576,09:46:43.410,1655257603.0,1655257603410.0,1655257603576.0,0.166
234,2022-06-15 09:46:46.320,2022-06-15 09:46:46.567,09:46:46.320,1655257606.0,1655257606320.0,1655257606567.0,0.247
235,2022-06-15 09:46:46.540,2022-06-15 09:46:46.812,09:46:46.540,1655257606.0,1655257606540.0,1655257606812.0,0.272
236,2022-06-15 09:46:46.670,2022-06-15 09:46:46.813,09:46:46.670,1655257606.0,1655257606670.0,1655257606813.0,0.143
237,2022-06-15 09:46:46.690,2022-06-15 09:46:46.813,09:46:46.690,1655257606.0,1655257606690.0,1655257606813.0,0.123
238,2022-06-15 09:46:46.770,2022-06-15 09:46:47.068,09:46:46.770,1655257606.0,1655257606770.0,1655257607068.0,0.298
239,2022-06-15 09:47:12.960,2022-06-15 09:47:14.046,09:47:12.960,1655257632.0,1655257632960.0,1655257634046.0,1.086
240,2022-06-15 09:52:09.520,2022-06-15 09:52:09.815,09:52:09.520,1655257929.0,1655257929520.0,1655257929815.0,0.295
241,2022-06-15 09:52:09.900,2022-06-15 09:52:10.066,09:52:09.900,1655257929.0,1655257929900.0,1655257930066.0,0.166
242,2022-06-15 09:52:09.900,2022-06-15 09:52:10.066,09:52:09.900,1655257929.0,1655257929900.0,1655257930066.0,0.166
243,2022-06-15 09:52:10.170,2022-06-15 09:52:10.312,09:52:10.170,1655257930.0,1655257930170.0,1655257930312.0,0.142
244,2022-06-15 09:52:10.270,2022-06-15 09:52:10.561,09:52:10.270,1655257930.0,1655257930270.0,1655257930561.0,0.291
245,2022-06-15 09:52:10.980,2022-06-15 09:52:11.068,09:52:10.980,1655257930.0,1655257930980.0,1655257931068.0,0.088
246,2022-06-15 09:52:11.000,2022-06-15 09:52:11.068,09:52:11.000,1655257931.0,1655257931000.0,1655257931068.0,0.068
247,2022-06-15 09:52:11.120,2022-06-15 09:52:11.328,09:52:11.120,1655257931.0,1655257931120.0,1655257931328.0,0.208
248,2022-06-15 09:52:11.220,2022-06-15 09:52:11.584,09:52:11.220,1655257931.0,1655257931220.0,1655257931584.0,0.364
249,2022-06-15 09:52:11.220,2022-06-15 09:52:11.584,09:52:11.220,1655257931.0,1655257931220.0,1655257931584.0,0.364
250,2022-06-15 09:52:11.250,2022-06-15 09:52:11.588,09:52:11.250,1655257931.0,1655257931250.0,1655257931588.0,0.338
251,2022-06-15 09:52:11.250,2022-06-15 09:52:11.588,09:52:11.250,1655257931.0,1655257931250.0,1655257931588.0,0.338
252,2022-06-15 09:52:11.640,2022-06-15 09:52:11.813,09:52:11.640,1655257931.0,1655257931640.0,1655257931813.0,0.173
253,2022-06-15 09:52:11.660,2022-06-15 09:52:11.813,09:52:11.660,1655257931.0,1655257931660.0,1655257931813.0,0.153
254,2022-06-15 09:52:11.660,2022-06-15 09:52:11.813,09:52:11.660,1655257931.0,1655257931660.0,1655257931813.0,0.153
255,2022-06-15 09:52:11.660,2022-06-15 09:52:11.817,09:52:11.660,1655257931.0,1655257931660.0,1655257931817.0,0.157
256,2022-06-15 09:52:11.660,2022-06-15 09:52:11.817,09:52:11.660,1655257931.0,1655257931660.0,1655257931817.0,0.157
257,2022-06-15 09:52:11.660,2022-06-15 09:52:11.818,09:52:11.660,1655257931.0,1655257931660.0,1655257931818.0,0.158
258,2022-06-15 09:52:11.660,2022-06-15 09:52:11.818,09:52:11.660,1655257931.0,1655257931660.0,1655257931818.0,0.158
259,2022-06-15 09:52:11.660,2022-06-15 09:52:11.818,09:52:11.660,1655257931.0,1655257931660.0,1655257931818.0,0.158
260,2022-06-15 09:52:11.660,2022-06-15 09:52:11.818,09:52:11.660,1655257931.0,1655257931660.0,1655257931818.0,0.158
261,2022-06-15 09:52:11.660,2022-06-15 09:52:11.818,09:52:11.660,1655257931.0,1655257931660.0,1655257931818.0,0.158
262,2022-06-15 09:52:11.660,2022-06-15 09:52:11.818,09:52:11.660,1655257931.0,1655257931660.0,1655257931818.0,0.158
263,2022-06-15 09:52:11.660,2022-06-15 09:52:11.818,09:52:11.660,1655257931.0,1655257931660.0,1655257931818.0,0.158
264,2022-06-15 09:52:11.660,2022-06-15 09:52:11.818,09:52:11.660,1655257931.0,1655257931660.0,1655257931818.0,0.158
265,2022-06-15 09:52:11.660,2022-06-15 09:52:11.818,09:52:11.660,1655257931.0,1655257931660.0,1655257931818.0,0.158
266,2022-06-15 09:52:11.660,2022-06-15 09:52:11.818,09:52:11.660,1655257931.0,1655257931660.0,1655257931818.0,0.158
267,2022-06-15 09:52:11.660,2022-06-15 09:52:11.818,09:52:11.660,1655257931.0,1655257931660.0,1655257931818.0,0.158
268,2022-06-15 09:52:11.660,2022-06-15 09:52:11.818,09:52:11.660,1655257931.0,1655257931660.0,1655257931818.0,0.158
269,2022-06-15 09:52:11.660,2022-06-15 09:52:11.818,09:52:11.660,1655257931.0,1655257931660.0,1655257931818.0,0.158
270,2022-06-15 09:52:11.660,2022-06-15 09:52:11.818,09:52:11.660,1655257931.0,1655257931660.0,1655257931818.0,0.158
271,2022-06-15 09:52:11.880,2022-06-15 09:52:12.068,09:52:11.880,1655257931.0,1655257931880.0,1655257932068.0,0.188
272,2022-06-15 09:52:11.880,2022-06-15 09:52:12.068,09:52:11.880,1655257931.0,1655257931880.0,1655257932068.0,0.188
273,2022-06-15 09:52:11.880,2022-06-15 09:52:12.068,09:52:11.880,1655257931.0,1655257931880.0,1655257932068.0,0.188
274,2022-06-15 09:52:11.880,2022-06-15 09:52:12.068,09:52:11.880,1655257931.0,1655257931880.0,1655257932068.0,0.188
275,2022-06-15 09:52:11.880,2022-06-15 09:52:12.068,09:52:11.880,1655257931.0,1655257931880.0,1655257932068.0,0.188
276,2022-06-15 09:52:11.880,2022-06-15 09:52:12.068,09:52:11.880,1655257931.0,1655257931880.0,1655257932068.0,0.188
277,2022-06-15 09:52:11.880,2022-06-15 09:52:12.068,09:52:11.880,1655257931.0,1655257931880.0,1655257932068.0,0.188
278,2022-06-15 09:52:11.880,2022-06-15 09:52:12.068,09:52:11.880,1655257931.0,1655257931880.0,1655257932068.0,0.188
279,2022-06-15 09:52:11.880,2022-06-15 09:52:12.068,09:52:11.880,1655257931.0,1655257931880.0,1655257932068.0,0.188
280,2022-06-15 09:52:11.880,2022-06-15 09:52:12.068,09:52:11.880,1655257931.0,1655257931880.0,1655257932068.0,0.188
281,2022-06-15 09:52:11.880,2022-06-15 09:52:12.068,09:52:11.880,1655257931.0,1655257931880.0,1655257932068.0,0.188
282,2022-06-15 09:52:11.880,2022-06-15 09:52:12.068,09:52:11.880,1655257931.0,1655257931880.0,1655257932068.0,0.188
283,2022-06-15 09:52:11.880,2022-06-15 09:52:12.068,09:52:11.880,1655257931.0,1655257931880.0,1655257932068.0,0.188
284,2022-06-15 09:52:11.900,2022-06-15 09:52:12.068,09:52:11.900,1655257931.0,1655257931900.0,1655257932068.0,0.168
285,2022-06-15 09:52:11.900,2022-06-15 09:52:12.068,09:52:11.900,1655257931.0,1655257931900.0,1655257932068.0,0.168
286,2022-06-15 09:52:12.280,2022-06-15 09:52:12.576,09:52:12.280,1655257932.0,1655257932280.0,1655257932576.0,0.296
287,2022-06-15 09:52:12.280,2022-06-15 09:52:12.576,09:52:12.280,1655257932.0,1655257932280.0,1655257932576.0,0.296
288,2022-06-15 09:52:18.250,2022-06-15 09:52:18.314,09:52:18.250,1655257938.0,1655257938250.0,1655257938314.0,0.064
289,2022-06-15 09:52:18.250,2022-06-15 09:52:18.314,09:52:18.250,1655257938.0,1655257938250.0,1655257938314.0,0.064
290,2022-06-15 09:52:19.140,2022-06-15 09:52:19.310,09:52:19.140,1655257939.0,1655257939140.0,1655257939310.0,0.17
291,2022-06-15 09:52:19.140,2022-06-15 09:52:19.310,09:52:19.140,1655257939.0,1655257939140.0,1655257939310.0,0.17
292,2022-06-15 09:52:19.140,2022-06-15 09:52:19.310,09:52:19.140,1655257939.0,1655257939140.0,1655257939310.0,0.17
293,2022-06-15 09:52:19.140,2022-06-15 09:52:19.310,09:52:19.140,1655257939.0,1655257939140.0,1655257939310.0,0.17
294,2022-06-15 09:52:19.140,2022-06-15 09:52:19.310,09:52:19.140,1655257939.0,1655257939140.0,1655257939310.0,0.17
295,2022-06-15 09:52:19.140,2022-06-15 09:52:19.310,09:52:19.140,1655257939.0,1655257939140.0,1655257939310.0,0.17
296,2022-06-15 09:52:21.230,2022-06-15 09:52:21.323,09:52:21.230,1655257941.0,1655257941230.0,1655257941323.0,0.093
297,2022-06-15 09:52:23.670,2022-06-15 09:52:23.813,09:52:23.670,1655257943.0,1655257943670.0,1655257943813.0,0.143
298,2022-06-15 09:52:23.670,2022-06-15 09:52:23.813,09:52:23.670,1655257943.0,1655257943670.0,1655257943813.0,0.143
299,2022-06-15 09:52:23.670,2022-06-15 09:52:23.813,09:52:23.670,1655257943.0,1655257943670.0,1655257943813.0,0.143
300,2022-06-15 09:52:23.670,2022-06-15 09:52:23.813,09:52:23.670,1655257943.0,1655257943670.0,1655257943813.0,0.143
301,2022-06-15 09:52:23.670,2022-06-15 09:52:23.813,09:52:23.670,1655257943.0,1655257943670.0,1655257943813.0,0.143
302,2022-06-15 09:52:24.150,2022-06-15 09:52:24.314,09:52:24.150,1655257944.0,1655257944150.0,1655257944314.0,0.164
303,2022-06-15 09:52:24.450,2022-06-15 09:52:24.564,09:52:24.450,1655257944.0,1655257944450.0,1655257944564.0,0.114
304,2022-06-15 09:52:25.590,2022-06-15 09:52:25.810,09:52:25.590,1655257945.0,1655257945590.0,1655257945810.0,0.22
305,2022-06-15 09:52:25.590,2022-06-15 09:52:25.810,09:52:25.590,1655257945.0,1655257945590.0,1655257945810.0,0.22
306,2022-06-15 09:52:29.970,2022-06-15 09:52:30.067,09:52:29.970,1655257949.0,1655257949970.0,1655257950067.0,0.097
307,2022-06-15 09:52:30.050,2022-06-15 09:52:30.311,09:52:30.050,1655257950.0,1655257950050.0,1655257950311.0,0.261
308,2022-06-15 09:52:32.160,2022-06-15 09:52:32.310,09:52:32.160,1655257952.0,1655257952160.0,1655257952310.0,0.15
309,2022-06-15 09:54:02.500,2022-06-15 09:54:02.596,09:54:02.500,1655258042.0,1655258042500.0,1655258042596.0,0.096
310,2022-06-15 09:54:02.500,2022-06-15 09:54:02.596,09:54:02.500,1655258042.0,1655258042500.0,1655258042596.0,0.096
311,2022-06-15 09:54:15.220,2022-06-15 09:54:15.565,09:54:15.220,1655258055.0,1655258055220.0,1655258055565.0,0.345
312,2022-06-15 09:54:23.270,2022-06-15 09:54:23.569,09:54:23.270,1655258063.0,1655258063270.0,1655258063569.0,0.299
313,2022-06-15 09:54:26.060,2022-06-15 09:54:26.310,09:54:26.060,1655258066.0,1655258066060.0,1655258066310.0,0.25
314,2022-06-15 09:57:58.190,2022-06-15 09:57:58.311,09:57:58.190,1655258278.0,1655258278190.0,1655258278311.0,0.121
315,2022-06-15 09:58:00.210,2022-06-15 09:58:00.315,09:58:00.210,1655258280.0,1655258280210.0,1655258280315.0,0.105
316,2022-06-15 09:59:16.680,2022-06-15 09:59:16.813,09:59:16.680,1655258356.0,1655258356680.0,1655258356813.0,0.133
317,2022-06-15 09:59:28.310,2022-06-15 09:59:28.570,09:59:28.310,1655258368.0,1655258368310.0,1655258368570.0,0.26
318,2022-06-15 09:59:35.350,2022-06-15 09:59:35.565,09:59:35.350,1655258375.0,1655258375350.0,1655258375565.0,0.215
319,2022-06-15 09:59:35.870,2022-06-15 09:59:36.062,09:59:35.870,1655258375.0,1655258375870.0,1655258376062.0,0.192
320,2022-06-15 10:00:13.380,2022-06-15 10:00:14.026,10:00:13.380,1655258413.0,1655258413380.0,1655258414026.0,0.646
321,2022-06-15 10:00:13.460,2022-06-15 10:00:14.026,10:00:13.460,1655258413.0,1655258413460.0,1655258414026.0,0.566
322,2022-06-15 10:00:13.460,2022-06-15 10:00:14.026,10:00:13.460,1655258413.0,1655258413460.0,1655258414026.0,0.566
323,2022-06-15 10:00:24.280,2022-06-15 10:00:24.568,10:00:24.280,1655258424.0,1655258424280.0,1655258424568.0,0.288
324,2022-06-15 10:00:24.280,2022-06-15 10:00:24.568,10:00:24.280,1655258424.0,1655258424280.0,1655258424568.0,0.288
325,2022-06-15 10:00:25.610,2022-06-15 10:00:25.812,10:00:25.610,1655258425.0,1655258425610.0,1655258425812.0,0.202
326,2022-06-15 10:00:25.610,2022-06-15 10:00:25.812,10:00:25.610,1655258425.0,1655258425610.0,1655258425812.0,0.202
327,2022-06-15 10:00:25.700,2022-06-15 10:00:25.813,10:00:25.700,1655258425.0,1655258425700.0,1655258425813.0,0.113
328,2022-06-15 10:00:27.550,2022-06-15 10:00:27.812,10:00:27.550,1655258427.0,1655258427550.0,1655258427812.0,0.262
329,2022-06-15 10:00:28.630,2022-06-15 10:00:28.852,10:00:28.630,1655258428.0,1655258428630.0,1655258428852.0,0.222
330,2022-06-15 10:01:25.780,2022-06-15 10:01:26.062,10:01:25.780,1655258485.0,1655258485780.0,1655258486062.0,0.282
331,2022-06-15 10:01:25.780,2022-06-15 10:01:26.062,10:01:25.780,1655258485.0,1655258485780.0,1655258486062.0,0.282
332,2022-06-15 10:01:32.230,2022-06-15 10:01:32.567,10:01:32.230,1655258492.0,1655258492230.0,1655258492567.0,0.337
333,2022-06-15 10:01:33.470,2022-06-15 10:01:33.818,10:01:33.470,1655258493.0,1655258493470.0,1655258493818.0,0.348
334,2022-06-15 10:01:36.050,2022-06-15 10:01:36.324,10:01:36.050,1655258496.0,1655258496050.0,1655258496324.0,0.274
335,2022-06-15 10:01:36.060,2022-06-15 10:01:36.324,10:01:36.060,1655258496.0,1655258496060.0,1655258496324.0,0.264
336,2022-06-15 10:01:36.060,2022-06-15 10:01:36.324,10:01:36.060,1655258496.0,1655258496060.0,1655258496324.0,0.264
337,2022-06-15 10:01:36.400,2022-06-15 10:01:36.566,10:01:36.400,1655258496.0,1655258496400.0,1655258496566.0,0.166
338,2022-06-15 10:01:36.400,2022-06-15 10:01:36.566,10:01:36.400,1655258496.0,1655258496400.0,1655258496566.0,0.166
339,2022-06-15 10:01:50.650,2022-06-15 10:01:50.812,10:01:50.650,1655258510.0,1655258510650.0,1655258510812.0,0.162
340,2022-06-15 10:01:50.650,2022-06-15 10:01:50.812,10:01:50.650,1655258510.0,1655258510650.0,1655258510812.0,0.162
341,2022-06-15 10:01:50.820,2022-06-15 10:01:51.067,10:01:50.820,1655258510.0,1655258510820.0,1655258511067.0,0.247
342,2022-06-15 10:01:50.820,2022-06-15 10:01:51.067,10:01:50.820,1655258510.0,1655258510820.0,1655258511067.0,0.247
343,2022-06-15 10:02:35.590,2022-06-15 10:02:35.816,10:02:35.590,1655258555.0,1655258555590.0,1655258555816.0,0.226
344,2022-06-15 10:02:39.390,2022-06-15 10:02:39.573,10:02:39.390,1655258559.0,1655258559390.0,1655258559573.0,0.183
345,2022-06-15 10:02:39.390,2022-06-15 10:02:39.573,10:02:39.390,1655258559.0,1655258559390.0,1655258559573.0,0.183
346,2022-06-15 10:02:48.730,2022-06-15 10:02:48.818,10:02:48.730,1655258568.0,1655258568730.0,1655258568818.0,0.088
347,2022-06-15 10:02:48.730,2022-06-15 10:02:48.818,10:02:48.730,1655258568.0,1655258568730.0,1655258568818.0,0.088
348,2022-06-15 10:02:50.350,2022-06-15 10:02:50.564,10:02:50.350,1655258570.0,1655258570350.0,1655258570564.0,0.214
349,2022-06-15 10:04:47.090,2022-06-15 10:04:47.319,10:04:47.090,1655258687.0,1655258687090.0,1655258687319.0,0.229
350,2022-06-15 10:04:47.090,2022-06-15 10:04:47.319,10:04:47.090,1655258687.0,1655258687090.0,1655258687319.0,0.229
351,2022-06-15 10:05:17.130,2022-06-15 10:05:17.312,10:05:17.130,1655258717.0,1655258717130.0,1655258717312.0,0.182
352,2022-06-15 10:05:17.130,2022-06-15 10:05:17.312,10:05:17.130,1655258717.0,1655258717130.0,1655258717312.0,0.182
353,2022-06-15 10:05:17.270,2022-06-15 10:05:17.560,10:05:17.270,1655258717.0,1655258717270.0,1655258717560.0,0.29
354,2022-06-15 10:05:17.960,2022-06-15 10:05:18.078,10:05:17.960,1655258717.0,1655258717960.0,1655258718078.0,0.118
355,2022-06-15 10:07:00.170,2022-06-15 10:07:00.315,10:07:00.170,1655258820.0,1655258820170.0,1655258820315.0,0.145
356,2022-06-15 10:07:00.170,2022-06-15 10:07:00.315,10:07:00.170,1655258820.0,1655258820170.0,1655258820315.0,0.145
357,2022-06-15 10:07:00.170,2022-06-15 10:07:00.315,10:07:00.170,1655258820.0,1655258820170.0,1655258820315.0,0.145
358,2022-06-15 10:07:00.170,2022-06-15 10:07:00.315,10:07:00.170,1655258820.0,1655258820170.0,1655258820315.0,0.145
359,2022-06-15 10:07:00.170,2022-06-15 10:07:00.315,10:07:00.170,1655258820.0,1655258820170.0,1655258820315.0,0.145
360,2022-06-15 10:07:00.240,2022-06-15 10:07:00.315,10:07:00.240,1655258820.0,1655258820240.0,1655258820315.0,0.075
361,2022-06-15 10:07:00.240,2022-06-15 10:07:00.315,10:07:00.240,1655258820.0,1655258820240.0,1655258820315.0,0.075
362,2022-06-15 10:07:00.240,2022-06-15 10:07:00.315,10:07:00.240,1655258820.0,1655258820240.0,1655258820315.0,0.075
363,2022-06-15 10:07:00.250,2022-06-15 10:07:00.335,10:07:00.250,1655258820.0,1655258820250.0,1655258820335.0,0.085
364,2022-06-15 10:07:06.210,2022-06-15 10:07:06.313,10:07:06.210,1655258826.0,1655258826210.0,1655258826313.0,0.103
365,2022-06-15 10:07:06.210,2022-06-15 10:07:06.313,10:07:06.210,1655258826.0,1655258826210.0,1655258826313.0,0.103
366,2022-06-15 10:07:06.350,2022-06-15 10:07:06.574,10:07:06.350,1655258826.0,1655258826350.0,1655258826574.0,0.224
367,2022-06-15 10:08:08.300,2022-06-15 10:08:08.565,10:08:08.300,1655258888.0,1655258888300.0,1655258888565.0,0.265
368,2022-06-15 10:11:25.010,2022-06-15 10:11:25.317,10:11:25.010,1655259085.0,1655259085010.0,1655259085317.0,0.307
369,2022-06-15 10:11:25.120,2022-06-15 10:11:25.317,10:11:25.120,1655259085.0,1655259085120.0,1655259085317.0,0.197
370,2022-06-15 10:11:28.210,2022-06-15 10:11:28.319,10:11:28.210,1655259088.0,1655259088210.0,1655259088319.0,0.109
371,2022-06-15 10:11:31.140,2022-06-15 10:11:31.313,10:11:31.140,1655259091.0,1655259091140.0,1655259091313.0,0.173
372,2022-06-15 10:11:37.270,2022-06-15 10:11:37.564,10:11:37.270,1655259097.0,1655259097270.0,1655259097564.0,0.294
373,2022-06-15 10:11:37.270,2022-06-15 10:11:37.564,10:11:37.270,1655259097.0,1655259097270.0,1655259097564.0,0.294
374,2022-06-15 10:11:48.370,2022-06-15 10:11:48.568,10:11:48.370,1655259108.0,1655259108370.0,1655259108568.0,0.198
375,2022-06-15 10:11:48.370,2022-06-15 10:11:48.568,10:11:48.370,1655259108.0,1655259108370.0,1655259108568.0,0.198
376,2022-06-15 10:11:50.930,2022-06-15 10:11:51.071,10:11:50.930,1655259110.0,1655259110930.0,1655259111071.0,0.141
377,2022-06-15 10:11:53.590,2022-06-15 10:11:53.815,10:11:53.590,1655259113.0,1655259113590.0,1655259113815.0,0.225
378,2022-06-15 10:12:22.130,2022-06-15 10:12:22.315,10:12:22.130,1655259142.0,1655259142130.0,1655259142315.0,0.185
379,2022-06-15 10:12:22.130,2022-06-15 10:12:22.315,10:12:22.130,1655259142.0,1655259142130.0,1655259142315.0,0.185
380,2022-06-15 10:14:02.520,2022-06-15 10:14:02.816,10:14:02.520,1655259242.0,1655259242520.0,1655259242816.0,0.296
381,2022-06-15 10:14:02.520,2022-06-15 10:14:02.816,10:14:02.520,1655259242.0,1655259242520.0,1655259242816.0,0.296
382,2022-06-15 10:15:12.760,2022-06-15 10:15:12.822,10:15:12.760,1655259312.0,1655259312760.0,1655259312822.0,0.062
383,2022-06-15 10:20:17.140,2022-06-15 10:20:17.326,10:20:17.140,1655259617.0,1655259617140.0,1655259617326.0,0.186
384,2022-06-15 10:20:17.850,2022-06-15 10:20:18.067,10:20:17.850,1655259617.0,1655259617850.0,1655259618067.0,0.217
385,2022-06-15 10:20:33.910,2022-06-15 10:20:34.068,10:20:33.910,1655259633.0,1655259633910.0,1655259634068.0,0.158
386,2022-06-15 10:21:26.860,2022-06-15 10:21:27.066,10:21:26.860,1655259686.0,1655259686860.0,1655259687066.0,0.206
387,2022-06-15 10:22:23.070,2022-06-15 10:22:23.316,10:22:23.070,1655259743.0,1655259743070.0,1655259743316.0,0.246
388,2022-06-15 10:23:54.960,2022-06-15 10:23:55.074,10:23:54.960,1655259834.0,1655259834960.0,1655259835074.0,0.114
389,2022-06-15 10:23:55.620,2022-06-15 10:23:55.817,10:23:55.620,1655259835.0,1655259835620.0,1655259835817.0,0.197
390,2022-06-15 10:23:56.950,2022-06-15 10:23:57.069,10:23:56.950,1655259836.0,1655259836950.0,1655259837069.0,0.119
391,2022-06-15 10:23:57.870,2022-06-15 10:23:58.072,10:23:57.870,1655259837.0,1655259837870.0,1655259838072.0,0.202
392,2022-06-15 10:23:58.060,2022-06-15 10:23:58.320,10:23:58.060,1655259838.0,1655259838060.0,1655259838320.0,0.26
393,2022-06-15 10:23:58.070,2022-06-15 10:23:58.320,10:23:58.070,1655259838.0,1655259838070.0,1655259838320.0,0.25
394,2022-06-15 10:23:58.070,2022-06-15 10:23:58.320,10:23:58.070,1655259838.0,1655259838070.0,1655259838320.0,0.25
395,2022-06-15 10:23:58.160,2022-06-15 10:23:58.320,10:23:58.160,1655259838.0,1655259838160.0,1655259838320.0,0.16
396,2022-06-15 10:23:58.260,2022-06-15 10:23:58.566,10:23:58.260,1655259838.0,1655259838260.0,1655259838566.0,0.306
397,2022-06-15 10:23:58.260,2022-06-15 10:23:58.566,10:23:58.260,1655259838.0,1655259838260.0,1655259838566.0,0.306
398,2022-06-15 10:23:58.780,2022-06-15 10:23:59.088,10:23:58.780,1655259838.0,1655259838780.0,1655259839088.0,0.308
399,2022-06-15 10:26:34.640,2022-06-15 10:26:34.818,10:26:34.640,1655259994.0,1655259994640.0,1655259994818.0,0.178
400,2022-06-15 10:29:15.750,2022-06-15 10:29:15.846,10:29:15.750,1655260155.0,1655260155750.0,1655260155846.0,0.096
401,2022-06-15 10:29:15.750,2022-06-15 10:29:15.846,10:29:15.750,1655260155.0,1655260155750.0,1655260155846.0,0.096
402,2022-06-15 10:29:15.750,2022-06-15 10:29:15.846,10:29:15.750,1655260155.0,1655260155750.0,1655260155846.0,0.096
403,2022-06-15 10:29:15.750,2022-06-15 10:29:15.846,10:29:15.750,1655260155.0,1655260155750.0,1655260155846.0,0.096
404,2022-06-15 10:29:15.810,2022-06-15 10:29:16.068,10:29:15.810,1655260155.0,1655260155810.0,1655260156068.0,0.258
405,2022-06-15 10:29:15.810,2022-06-15 10:29:16.068,10:29:15.810,1655260155.0,1655260155810.0,1655260156068.0,0.258
406,2022-06-15 10:29:15.830,2022-06-15 10:29:16.069,10:29:15.830,1655260155.0,1655260155830.0,1655260156069.0,0.239
407,2022-06-15 10:29:38.680,2022-06-15 10:29:38.816,10:29:38.680,1655260178.0,1655260178680.0,1655260178816.0,0.136
408,2022-06-15 10:29:38.720,2022-06-15 10:29:38.816,10:29:38.720,1655260178.0,1655260178720.0,1655260178816.0,0.096
409,2022-06-15 10:29:38.720,2022-06-15 10:29:38.816,10:29:38.720,1655260178.0,1655260178720.0,1655260178816.0,0.096
410,2022-06-15 10:29:55.620,2022-06-15 10:29:55.820,10:29:55.620,1655260195.0,1655260195620.0,1655260195820.0,0.2
411,2022-06-15 10:29:59.340,2022-06-15 10:29:59.566,10:29:59.340,1655260199.0,1655260199340.0,1655260199566.0,0.226
412,2022-06-15 10:29:59.340,2022-06-15 10:29:59.566,10:29:59.340,1655260199.0,1655260199340.0,1655260199566.0,0.226
413,2022-06-15 10:30:04.260,2022-06-15 10:30:04.322,10:30:04.260,1655260204.0,1655260204260.0,1655260204322.0,0.062
414,2022-06-15 10:30:13.330,2022-06-15 10:30:13.575,10:30:13.330,1655260213.0,1655260213330.0,1655260213575.0,0.245
415,2022-06-15 10:30:13.720,2022-06-15 10:30:13.832,10:30:13.720,1655260213.0,1655260213720.0,1655260213832.0,0.112
416,2022-06-15 10:30:14.460,2022-06-15 10:30:14.570,10:30:14.460,1655260214.0,1655260214460.0,1655260214570.0,0.11
417,2022-06-15 10:30:15.400,2022-06-15 10:30:15.566,10:30:15.400,1655260215.0,1655260215400.0,1655260215566.0,0.166
418,2022-06-15 10:30:15.400,2022-06-15 10:30:15.566,10:30:15.400,1655260215.0,1655260215400.0,1655260215566.0,0.166
419,2022-06-15 10:30:15.400,2022-06-15 10:30:15.566,10:30:15.400,1655260215.0,1655260215400.0,1655260215566.0,0.166
420,2022-06-15 10:30:15.400,2022-06-15 10:30:15.566,10:30:15.400,1655260215.0,1655260215400.0,1655260215566.0,0.166
421,2022-06-15 10:30:15.600,2022-06-15 10:30:15.822,10:30:15.600,1655260215.0,1655260215600.0,1655260215822.0,0.222
422,2022-06-15 10:30:15.670,2022-06-15 10:30:15.822,10:30:15.670,1655260215.0,1655260215670.0,1655260215822.0,0.152
423,2022-06-15 10:30:16.100,2022-06-15 10:30:16.326,10:30:16.100,1655260216.0,1655260216100.0,1655260216326.0,0.226
424,2022-06-15 10:30:16.100,2022-06-15 10:30:16.326,10:30:16.100,1655260216.0,1655260216100.0,1655260216326.0,0.226
425,2022-06-15 10:30:16.490,2022-06-15 10:30:16.573,10:30:16.490,1655260216.0,1655260216490.0,1655260216573.0,0.083
426,2022-06-15 10:31:44.750,2022-06-15 10:31:44.821,10:31:44.750,1655260304.0,1655260304750.0,1655260304821.0,0.071
427,2022-06-15 10:31:44.750,2022-06-15 10:31:44.821,10:31:44.750,1655260304.0,1655260304750.0,1655260304821.0,0.071
428,2022-06-15 10:31:44.750,2022-06-15 10:31:44.821,10:31:44.750,1655260304.0,1655260304750.0,1655260304821.0,0.071
429,2022-06-15 10:31:44.750,2022-06-15 10:31:44.821,10:31:44.750,1655260304.0,1655260304750.0,1655260304821.0,0.071
430,2022-06-15 10:32:04.700,2022-06-15 10:32:04.821,10:32:04.700,1655260324.0,1655260324700.0,1655260324821.0,0.121
431,2022-06-15 10:32:05.020,2022-06-15 10:32:05.322,10:32:05.020,1655260325.0,1655260325020.0,1655260325322.0,0.302
432,2022-06-15 10:33:39.040,2022-06-15 10:33:39.319,10:33:39.040,1655260419.0,1655260419040.0,1655260419319.0,0.279
433,2022-06-15 10:33:39.040,2022-06-15 10:33:39.319,10:33:39.040,1655260419.0,1655260419040.0,1655260419319.0,0.279
434,2022-06-15 10:33:45.300,2022-06-15 10:33:45.566,10:33:45.300,1655260425.0,1655260425300.0,1655260425566.0,0.266
435,2022-06-15 10:35:02.730,2022-06-15 10:35:03.076,10:35:02.730,1655260502.0,1655260502730.0,1655260503076.0,0.346
436,2022-06-15 10:35:10.460,2022-06-15 10:35:10.570,10:35:10.460,1655260510.0,1655260510460.0,1655260510570.0,0.11
437,2022-06-15 10:35:21.670,2022-06-15 10:35:21.821,10:35:21.670,1655260521.0,1655260521670.0,1655260521821.0,0.151
438,2022-06-15 10:35:23.140,2022-06-15 10:35:23.320,10:35:23.140,1655260523.0,1655260523140.0,1655260523320.0,0.18
439,2022-06-15 10:36:36.120,2022-06-15 10:36:36.319,10:36:36.120,1655260596.0,1655260596120.0,1655260596319.0,0.199
440,2022-06-15 10:37:14.430,2022-06-15 10:37:14.591,10:37:14.430,1655260634.0,1655260634430.0,1655260634591.0,0.161
441,2022-06-15 10:37:14.430,2022-06-15 10:37:14.591,10:37:14.430,1655260634.0,1655260634430.0,1655260634591.0,0.161
442,2022-06-15 10:37:14.430,2022-06-15 10:37:14.591,10:37:14.430,1655260634.0,1655260634430.0,1655260634591.0,0.161
443,2022-06-15 10:37:14.430,2022-06-15 10:37:14.592,10:37:14.430,1655260634.0,1655260634430.0,1655260634592.0,0.162
444,2022-06-15 10:38:48.720,2022-06-15 10:38:48.823,10:38:48.720,1655260728.0,1655260728720.0,1655260728823.0,0.103
445,2022-06-15 10:39:41.690,2022-06-15 10:39:41.820,10:39:41.690,1655260781.0,1655260781690.0,1655260781820.0,0.13
446,2022-06-15 10:39:41.690,2022-06-15 10:39:41.820,10:39:41.690,1655260781.0,1655260781690.0,1655260781820.0,0.13
447,2022-06-15 10:39:41.690,2022-06-15 10:39:41.820,10:39:41.690,1655260781.0,1655260781690.0,1655260781820.0,0.13
448,2022-06-15 10:39:41.690,2022-06-15 10:39:41.820,10:39:41.690,1655260781.0,1655260781690.0,1655260781820.0,0.13
449,2022-06-15 10:39:41.690,2022-06-15 10:39:41.820,10:39:41.690,1655260781.0,1655260781690.0,1655260781820.0,0.13
450,2022-06-15 10:41:29.850,2022-06-15 10:41:30.130,10:41:29.850,1655260889.0,1655260889850.0,1655260890130.0,0.28
451,2022-06-15 10:42:59.650,2022-06-15 10:42:59.823,10:42:59.650,1655260979.0,1655260979650.0,1655260979823.0,0.173
452,2022-06-15 10:43:05.270,2022-06-15 10:43:05.574,10:43:05.270,1655260985.0,1655260985270.0,1655260985574.0,0.304
453,2022-06-15 10:43:05.770,2022-06-15 10:43:06.074,10:43:05.770,1655260985.0,1655260985770.0,1655260986074.0,0.304
454,2022-06-15 10:43:49.320,2022-06-15 10:43:49.576,10:43:49.320,1655261029.0,1655261029320.0,1655261029576.0,0.256
455,2022-06-15 10:43:49.490,2022-06-15 10:43:49.577,10:43:49.490,1655261029.0,1655261029490.0,1655261029577.0,0.087
456,2022-06-15 10:43:56.260,2022-06-15 10:43:56.320,10:43:56.260,1655261036.0,1655261036260.0,1655261036320.0,0.06
457,2022-06-15 10:44:49.630,2022-06-15 10:44:49.819,10:44:49.630,1655261089.0,1655261089630.0,1655261089819.0,0.189
458,2022-06-15 10:44:57.420,2022-06-15 10:44:57.568,10:44:57.420,1655261097.0,1655261097420.0,1655261097568.0,0.148
459,2022-06-15 10:45:11.170,2022-06-15 10:45:11.333,10:45:11.170,1655261111.0,1655261111170.0,1655261111333.0,0.163
460,2022-06-15 10:45:11.170,2022-06-15 10:45:11.333,10:45:11.170,1655261111.0,1655261111170.0,1655261111333.0,0.163
461,2022-06-15 10:45:11.170,2022-06-15 10:45:11.333,10:45:11.170,1655261111.0,1655261111170.0,1655261111333.0,0.163
462,2022-06-15 10:47:01.270,2022-06-15 10:47:01.579,10:47:01.270,1655261221.0,1655261221270.0,1655261221579.0,0.309
463,2022-06-15 10:47:01.340,2022-06-15 10:47:01.579,10:47:01.340,1655261221.0,1655261221340.0,1655261221579.0,0.239
464,2022-06-15 10:47:01.350,2022-06-15 10:47:01.579,10:47:01.350,1655261221.0,1655261221350.0,1655261221579.0,0.229
465,2022-06-15 10:47:01.350,2022-06-15 10:47:01.579,10:47:01.350,1655261221.0,1655261221350.0,1655261221579.0,0.229
466,2022-06-15 10:48:16.800,2022-06-15 10:48:17.073,10:48:16.800,1655261296.0,1655261296800.0,1655261297073.0,0.273
467,2022-06-15 10:48:16.850,2022-06-15 10:48:17.073,10:48:16.850,1655261296.0,1655261296850.0,1655261297073.0,0.223
468,2022-06-15 10:48:16.860,2022-06-15 10:48:17.073,10:48:16.860,1655261296.0,1655261296860.0,1655261297073.0,0.213
469,2022-06-15 10:48:16.860,2022-06-15 10:48:17.073,10:48:16.860,1655261296.0,1655261296860.0,1655261297073.0,0.213
470,2022-06-15 10:48:16.880,2022-06-15 10:48:17.073,10:48:16.880,1655261296.0,1655261296880.0,1655261297073.0,0.193
471,2022-06-15 10:48:16.880,2022-06-15 10:48:17.073,10:48:16.880,1655261296.0,1655261296880.0,1655261297073.0,0.193
472,2022-06-15 10:48:16.880,2022-06-15 10:48:17.073,10:48:16.880,1655261296.0,1655261296880.0,1655261297073.0,0.193
473,2022-06-15 10:54:24.310,2022-06-15 10:54:24.576,10:54:24.310,1655261664.0,1655261664310.0,1655261664576.0,0.266
474,2022-06-15 10:59:22.010,2022-06-15 10:59:22.110,10:59:22.010,1655261962.0,1655261962010.0,1655261962110.0,0.1
475,2022-06-15 11:00:04.650,2022-06-15 11:00:04.829,11:00:04.650,1655262004.0,1655262004650.0,1655262004829.0,0.179
476,2022-06-15 11:00:06.030,2022-06-15 11:00:06.337,11:00:06.030,1655262006.0,1655262006030.0,1655262006337.0,0.307
477,2022-06-15 11:01:21.070,2022-06-15 11:01:21.333,11:01:21.070,1655262081.0,1655262081070.0,1655262081333.0,0.263
478,2022-06-15 11:01:24.750,2022-06-15 11:01:24.825,11:01:24.750,1655262084.0,1655262084750.0,1655262084825.0,0.075
479,2022-06-15 11:01:24.960,2022-06-15 11:01:25.107,11:01:24.960,1655262084.0,1655262084960.0,1655262085107.0,0.147
480,2022-06-15 11:01:25.490,2022-06-15 11:01:25.581,11:01:25.490,1655262085.0,1655262085490.0,1655262085581.0,0.091
481,2022-06-15 11:01:25.490,2022-06-15 11:01:25.581,11:01:25.490,1655262085.0,1655262085490.0,1655262085581.0,0.091
482,2022-06-15 11:01:39.320,2022-06-15 11:01:39.592,11:01:39.320,1655262099.0,1655262099320.0,1655262099592.0,0.272
483,2022-06-15 11:06:31.280,2022-06-15 11:06:31.601,11:06:31.280,1655262391.0,1655262391280.0,1655262391601.0,0.321
484,2022-06-15 11:09:26.350,2022-06-15 11:09:26.580,11:09:26.350,1655262566.0,1655262566350.0,1655262566580.0,0.23
485,2022-06-15 11:09:26.350,2022-06-15 11:09:26.580,11:09:26.350,1655262566.0,1655262566350.0,1655262566580.0,0.23
486,2022-06-15 11:09:53.960,2022-06-15 11:09:54.078,11:09:53.960,1655262593.0,1655262593960.0,1655262594078.0,0.118
487,2022-06-15 11:09:54.010,2022-06-15 11:09:54.331,11:09:54.010,1655262594.0,1655262594010.0,1655262594331.0,0.321
488,2022-06-15 11:09:54.010,2022-06-15 11:09:54.331,11:09:54.010,1655262594.0,1655262594010.0,1655262594331.0,0.321
489,2022-06-15 11:09:54.010,2022-06-15 11:09:54.331,11:09:54.010,1655262594.0,1655262594010.0,1655262594331.0,0.321
490,2022-06-15 11:11:16.050,2022-06-15 11:11:16.334,11:11:16.050,1655262676.0,1655262676050.0,1655262676334.0,0.284
491,2022-06-15 11:11:48.410,2022-06-15 11:11:48.578,11:11:48.410,1655262708.0,1655262708410.0,1655262708578.0,0.168
492,2022-06-15 11:11:48.410,2022-06-15 11:11:48.578,11:11:48.410,1655262708.0,1655262708410.0,1655262708578.0,0.168
493,2022-06-15 11:11:48.410,2022-06-15 11:11:48.578,11:11:48.410,1655262708.0,1655262708410.0,1655262708578.0,0.168
494,2022-06-15 11:11:48.410,2022-06-15 11:11:48.578,11:11:48.410,1655262708.0,1655262708410.0,1655262708578.0,0.168
495,2022-06-15 11:12:46.480,2022-06-15 11:12:46.604,11:12:46.480,1655262766.0,1655262766480.0,1655262766604.0,0.124
496,2022-06-15 11:12:46.480,2022-06-15 11:12:46.604,11:12:46.480,1655262766.0,1655262766480.0,1655262766604.0,0.124
497,2022-06-15 11:12:46.480,2022-06-15 11:12:46.604,11:12:46.480,1655262766.0,1655262766480.0,1655262766604.0,0.124
498,2022-06-15 11:12:46.480,2022-06-15 11:12:46.604,11:12:46.480,1655262766.0,1655262766480.0,1655262766604.0,0.124
499,2022-06-15 11:12:46.550,2022-06-15 11:12:46.834,11:12:46.550,1655262766.0,1655262766550.0,1655262766834.0,0.284
500,2022-06-15 11:12:46.550,2022-06-15 11:12:46.834,11:12:46.550,1655262766.0,1655262766550.0,1655262766834.0,0.284
501,2022-06-15 11:24:02.400,2022-06-15 11:24:02.584,11:24:02.400,1655263442.0,1655263442400.0,1655263442584.0,0.184
502,2022-06-15 11:25:18.360,2022-06-15 11:25:18.583,11:25:18.360,1655263518.0,1655263518360.0,1655263518583.0,0.223
503,2022-06-15 11:25:18.360,2022-06-15 11:25:18.583,11:25:18.360,1655263518.0,1655263518360.0,1655263518583.0,0.223
504,2022-06-15 11:25:18.360,2022-06-15 11:25:18.583,11:25:18.360,1655263518.0,1655263518360.0,1655263518583.0,0.223
505,2022-06-15 11:25:18.360,2022-06-15 11:25:18.583,11:25:18.360,1655263518.0,1655263518360.0,1655263518583.0,0.223
506,2022-06-15 11:26:05.670,2022-06-15 11:26:05.833,11:26:05.670,1655263565.0,1655263565670.0,1655263565833.0,0.163
507,2022-06-15 11:28:33.730,2022-06-15 11:28:33.832,11:28:33.730,1655263713.0,1655263713730.0,1655263713832.0,0.102
508,2022-06-15 11:28:33.810,2022-06-15 11:28:34.082,11:28:33.810,1655263713.0,1655263713810.0,1655263714082.0,0.272
509,2022-06-15 11:28:58.930,2022-06-15 11:28:59.081,11:28:58.930,1655263738.0,1655263738930.0,1655263739081.0,0.151
510,2022-06-15 11:29:33.670,2022-06-15 11:29:33.837,11:29:33.670,1655263773.0,1655263773670.0,1655263773837.0,0.167
511,2022-06-15 11:29:46.030,2022-06-15 11:29:46.345,11:29:46.030,1655263786.0,1655263786030.0,1655263786345.0,0.315
512,2022-06-15 11:29:46.390,2022-06-15 11:29:46.598,11:29:46.390,1655263786.0,1655263786390.0,1655263786598.0,0.208
513,2022-06-15 13:00:03.780,2022-06-15 13:00:12.089,13:00:03.780,1655269203.0,1655269203780.0,1655269212089.0,8.309
514,2022-06-15 13:00:04.400,2022-06-15 13:00:14.078,13:00:04.400,1655269204.0,1655269204400.0,1655269214078.0,9.678
515,2022-06-15 13:00:06.390,2022-06-15 13:00:20.100,13:00:06.390,1655269206.0,1655269206390.0,1655269220100.0,13.71
516,2022-06-15 13:00:09.840,2022-06-15 13:00:29.140,13:00:09.840,1655269209.0,1655269209840.0,1655269229140.0,19.3
517,2022-06-15 13:00:10.410,2022-06-15 13:00:30.114,13:00:10.410,1655269210.0,1655269210410.0,1655269230114.0,19.704
518,2022-06-15 13:02:07.510,2022-06-15 13:02:07.611,13:02:07.510,1655269327.0,1655269327510.0,1655269327611.0,0.101
519,2022-06-15 13:02:08.210,2022-06-15 13:02:08.363,13:02:08.210,1655269328.0,1655269328210.0,1655269328363.0,0.153
520,2022-06-15 13:02:08.360,2022-06-15 13:02:08.610,13:02:08.360,1655269328.0,1655269328360.0,1655269328610.0,0.25
521,2022-06-15 13:02:09.890,2022-06-15 13:02:10.111,13:02:09.890,1655269329.0,1655269329890.0,1655269330111.0,0.221
522,2022-06-15 13:02:09.890,2022-06-15 13:02:10.111,13:02:09.890,1655269329.0,1655269329890.0,1655269330111.0,0.221
523,2022-06-15 13:02:10.560,2022-06-15 13:02:10.861,13:02:10.560,1655269330.0,1655269330560.0,1655269330861.0,0.301
524,2022-06-15 13:03:44.430,2022-06-15 13:03:44.614,13:03:44.430,1655269424.0,1655269424430.0,1655269424614.0,0.184
525,2022-06-15 13:03:44.540,2022-06-15 13:03:44.614,13:03:44.540,1655269424.0,1655269424540.0,1655269424614.0,0.074
526,2022-06-15 13:03:45.280,2022-06-15 13:03:45.403,13:03:45.280,1655269425.0,1655269425280.0,1655269425403.0,0.123
527,2022-06-15 13:03:46.250,2022-06-15 13:03:46.371,13:03:46.250,1655269426.0,1655269426250.0,1655269426371.0,0.121
528,2022-06-15 13:03:46.570,2022-06-15 13:03:46.866,13:03:46.570,1655269426.0,1655269426570.0,1655269426866.0,0.296
529,2022-06-15 13:03:46.590,2022-06-15 13:03:46.866,13:03:46.590,1655269426.0,1655269426590.0,1655269426866.0,0.276
530,2022-06-15 13:03:47.390,2022-06-15 13:03:47.612,13:03:47.390,1655269427.0,1655269427390.0,1655269427612.0,0.222
531,2022-06-15 13:03:47.510,2022-06-15 13:03:47.612,13:03:47.510,1655269427.0,1655269427510.0,1655269427612.0,0.102
532,2022-06-15 13:03:47.650,2022-06-15 13:03:47.861,13:03:47.650,1655269427.0,1655269427650.0,1655269427861.0,0.211
533,2022-06-15 13:03:47.690,2022-06-15 13:03:47.861,13:03:47.690,1655269427.0,1655269427690.0,1655269427861.0,0.171
534,2022-06-15 13:03:48.230,2022-06-15 13:03:48.361,13:03:48.230,1655269428.0,1655269428230.0,1655269428361.0,0.131
535,2022-06-15 13:03:49.890,2022-06-15 13:03:50.115,13:03:49.890,1655269429.0,1655269429890.0,1655269430115.0,0.225
536,2022-06-15 13:03:50.620,2022-06-15 13:03:50.862,13:03:50.620,1655269430.0,1655269430620.0,1655269430862.0,0.242
537,2022-06-15 13:04:12.540,2022-06-15 13:04:12.646,13:04:12.540,1655269452.0,1655269452540.0,1655269452646.0,0.106
538,2022-06-15 13:04:45.800,2022-06-15 13:04:45.863,13:04:45.800,1655269485.0,1655269485800.0,1655269485863.0,0.063
539,2022-06-15 13:04:48.720,2022-06-15 13:04:48.861,13:04:48.720,1655269488.0,1655269488720.0,1655269488861.0,0.141
540,2022-06-15 13:04:48.740,2022-06-15 13:04:48.861,13:04:48.740,1655269488.0,1655269488740.0,1655269488861.0,0.121
541,2022-06-15 13:04:48.740,2022-06-15 13:04:48.861,13:04:48.740,1655269488.0,1655269488740.0,1655269488861.0,0.121
542,2022-06-15 13:04:51.430,2022-06-15 13:04:51.608,13:04:51.430,1655269491.0,1655269491430.0,1655269491608.0,0.178
543,2022-06-15 13:04:54.180,2022-06-15 13:04:54.356,13:04:54.180,1655269494.0,1655269494180.0,1655269494356.0,0.176
544,2022-06-15 13:04:54.180,2022-06-15 13:04:54.356,13:04:54.180,1655269494.0,1655269494180.0,1655269494356.0,0.176
545,2022-06-15 13:04:54.180,2022-06-15 13:04:54.356,13:04:54.180,1655269494.0,1655269494180.0,1655269494356.0,0.176
546,2022-06-15 13:05:00.040,2022-06-15 13:05:00.114,13:05:00.040,1655269500.0,1655269500040.0,1655269500114.0,0.074
547,2022-06-15 13:05:00.040,2022-06-15 13:05:00.114,13:05:00.040,1655269500.0,1655269500040.0,1655269500114.0,0.074
548,2022-06-15 13:05:46.860,2022-06-15 13:05:47.123,13:05:46.860,1655269546.0,1655269546860.0,1655269547123.0,0.263
549,2022-06-15 13:05:46.860,2022-06-15 13:05:47.123,13:05:46.860,1655269546.0,1655269546860.0,1655269547123.0,0.263
550,2022-06-15 13:05:47.230,2022-06-15 13:05:47.366,13:05:47.230,1655269547.0,1655269547230.0,1655269547366.0,0.136
551,2022-06-15 13:05:56.660,2022-06-15 13:05:56.862,13:05:56.660,1655269556.0,1655269556660.0,1655269556862.0,0.202
552,2022-06-15 13:05:56.660,2022-06-15 13:05:56.862,13:05:56.660,1655269556.0,1655269556660.0,1655269556862.0,0.202
553,2022-06-15 13:05:56.660,2022-06-15 13:05:56.862,13:05:56.660,1655269556.0,1655269556660.0,1655269556862.0,0.202
554,2022-06-15 13:05:56.660,2022-06-15 13:05:56.862,13:05:56.660,1655269556.0,1655269556660.0,1655269556862.0,0.202
555,2022-06-15 13:05:56.660,2022-06-15 13:05:56.862,13:05:56.660,1655269556.0,1655269556660.0,1655269556862.0,0.202
556,2022-06-15 13:05:56.660,2022-06-15 13:05:56.862,13:05:56.660,1655269556.0,1655269556660.0,1655269556862.0,0.202
557,2022-06-15 13:05:56.660,2022-06-15 13:05:56.862,13:05:56.660,1655269556.0,1655269556660.0,1655269556862.0,0.202
558,2022-06-15 13:06:03.080,2022-06-15 13:06:03.363,13:06:03.080,1655269563.0,1655269563080.0,1655269563363.0,0.283
559,2022-06-15 13:06:03.210,2022-06-15 13:06:03.363,13:06:03.210,1655269563.0,1655269563210.0,1655269563363.0,0.153
560,2022-06-15 13:06:06.000,2022-06-15 13:06:06.113,13:06:06.000,1655269566.0,1655269566000.0,1655269566113.0,0.113
561,2022-06-15 13:06:08.960,2022-06-15 13:06:09.121,13:06:08.960,1655269568.0,1655269568960.0,1655269569121.0,0.161
562,2022-06-15 13:06:09.030,2022-06-15 13:06:09.121,13:06:09.030,1655269569.0,1655269569030.0,1655269569121.0,0.091
563,2022-06-15 13:06:48.780,2022-06-15 13:06:48.860,13:06:48.780,1655269608.0,1655269608780.0,1655269608860.0,0.08
564,2022-06-15 13:06:48.820,2022-06-15 13:06:49.111,13:06:48.820,1655269608.0,1655269608820.0,1655269609111.0,0.291
565,2022-06-15 13:06:48.840,2022-06-15 13:06:49.111,13:06:48.840,1655269608.0,1655269608840.0,1655269609111.0,0.271
566,2022-06-15 13:06:48.840,2022-06-15 13:06:49.111,13:06:48.840,1655269608.0,1655269608840.0,1655269609111.0,0.271
567,2022-06-15 13:08:15.550,2022-06-15 13:08:15.863,13:08:15.550,1655269695.0,1655269695550.0,1655269695863.0,0.313
568,2022-06-15 13:08:15.550,2022-06-15 13:08:15.863,13:08:15.550,1655269695.0,1655269695550.0,1655269695863.0,0.313
569,2022-06-15 13:08:15.550,2022-06-15 13:08:15.863,13:08:15.550,1655269695.0,1655269695550.0,1655269695863.0,0.313
570,2022-06-15 13:10:30.440,2022-06-15 13:10:30.617,13:10:30.440,1655269830.0,1655269830440.0,1655269830617.0,0.177
571,2022-06-15 13:10:30.620,2022-06-15 13:10:30.873,13:10:30.620,1655269830.0,1655269830620.0,1655269830873.0,0.253
572,2022-06-15 13:10:33.260,2022-06-15 13:10:33.368,13:10:33.260,1655269833.0,1655269833260.0,1655269833368.0,0.108
573,2022-06-15 13:10:33.280,2022-06-15 13:10:33.368,13:10:33.280,1655269833.0,1655269833280.0,1655269833368.0,0.088
574,2022-06-15 13:10:33.280,2022-06-15 13:10:33.368,13:10:33.280,1655269833.0,1655269833280.0,1655269833368.0,0.088
575,2022-06-15 13:10:33.280,2022-06-15 13:10:33.368,13:10:33.280,1655269833.0,1655269833280.0,1655269833368.0,0.088
576,2022-06-15 13:11:05.410,2022-06-15 13:11:05.613,13:11:05.410,1655269865.0,1655269865410.0,1655269865613.0,0.203
577,2022-06-15 13:13:40.110,2022-06-15 13:13:40.368,13:13:40.110,1655270020.0,1655270020110.0,1655270020368.0,0.258
578,2022-06-15 13:13:40.110,2022-06-15 13:13:40.368,13:13:40.110,1655270020.0,1655270020110.0,1655270020368.0,0.258
579,2022-06-15 13:16:22.490,2022-06-15 13:16:22.615,13:16:22.490,1655270182.0,1655270182490.0,1655270182615.0,0.125
580,2022-06-15 13:16:22.570,2022-06-15 13:16:22.615,13:16:22.570,1655270182.0,1655270182570.0,1655270182615.0,0.045
581,2022-06-15 13:17:01.930,2022-06-15 13:17:02.120,13:17:01.930,1655270221.0,1655270221930.0,1655270222120.0,0.19
582,2022-06-15 13:17:01.930,2022-06-15 13:17:02.120,13:17:01.930,1655270221.0,1655270221930.0,1655270222120.0,0.19
583,2022-06-15 13:17:01.930,2022-06-15 13:17:02.120,13:17:01.930,1655270221.0,1655270221930.0,1655270222120.0,0.19
584,2022-06-15 13:17:01.930,2022-06-15 13:17:02.120,13:17:01.930,1655270221.0,1655270221930.0,1655270222120.0,0.19
585,2022-06-15 13:17:01.930,2022-06-15 13:17:02.120,13:17:01.930,1655270221.0,1655270221930.0,1655270222120.0,0.19
586,2022-06-15 13:17:01.930,2022-06-15 13:17:02.120,13:17:01.930,1655270221.0,1655270221930.0,1655270222120.0,0.19
587,2022-06-15 13:17:03.660,2022-06-15 13:17:03.864,13:17:03.660,1655270223.0,1655270223660.0,1655270223864.0,0.204
588,2022-06-15 13:17:03.660,2022-06-15 13:17:03.864,13:17:03.660,1655270223.0,1655270223660.0,1655270223864.0,0.204
589,2022-06-15 13:17:06.130,2022-06-15 13:17:06.367,13:17:06.130,1655270226.0,1655270226130.0,1655270226367.0,0.237
590,2022-06-15 13:17:47.000,2022-06-15 13:17:47.114,13:17:47.000,1655270267.0,1655270267000.0,1655270267114.0,0.114
591,2022-06-15 13:17:54.000,2022-06-15 13:17:54.127,13:17:54.000,1655270274.0,1655270274000.0,1655270274127.0,0.127
592,2022-06-15 13:17:54.000,2022-06-15 13:17:54.127,13:17:54.000,1655270274.0,1655270274000.0,1655270274127.0,0.127
593,2022-06-15 13:18:09.580,2022-06-15 13:18:09.865,13:18:09.580,1655270289.0,1655270289580.0,1655270289865.0,0.285
594,2022-06-15 13:18:57.080,2022-06-15 13:18:57.365,13:18:57.080,1655270337.0,1655270337080.0,1655270337365.0,0.285
595,2022-06-15 13:18:57.080,2022-06-15 13:18:57.365,13:18:57.080,1655270337.0,1655270337080.0,1655270337365.0,0.285
596,2022-06-15 13:18:57.080,2022-06-15 13:18:57.365,13:18:57.080,1655270337.0,1655270337080.0,1655270337365.0,0.285
597,2022-06-15 13:18:57.080,2022-06-15 13:18:57.365,13:18:57.080,1655270337.0,1655270337080.0,1655270337365.0,0.285
598,2022-06-15 13:18:57.080,2022-06-15 13:18:57.365,13:18:57.080,1655270337.0,1655270337080.0,1655270337365.0,0.285
599,2022-06-15 13:18:57.080,2022-06-15 13:18:57.365,13:18:57.080,1655270337.0,1655270337080.0,1655270337365.0,0.285
600,2022-06-15 13:18:57.080,2022-06-15 13:18:57.365,13:18:57.080,1655270337.0,1655270337080.0,1655270337365.0,0.285
601,2022-06-15 13:20:07.730,2022-06-15 13:20:07.873,13:20:07.730,1655270407.0,1655270407730.0,1655270407873.0,0.143
602,2022-06-15 13:20:07.790,2022-06-15 13:20:07.873,13:20:07.790,1655270407.0,1655270407790.0,1655270407873.0,0.083
603,2022-06-15 13:20:10.360,2022-06-15 13:20:10.622,13:20:10.360,1655270410.0,1655270410360.0,1655270410622.0,0.262
604,2022-06-15 13:20:10.810,2022-06-15 13:20:11.125,13:20:10.810,1655270410.0,1655270410810.0,1655270411125.0,0.315
605,2022-06-15 13:20:11.210,2022-06-15 13:20:11.385,13:20:11.210,1655270411.0,1655270411210.0,1655270411385.0,0.175
606,2022-06-15 13:20:11.210,2022-06-15 13:20:11.385,13:20:11.210,1655270411.0,1655270411210.0,1655270411385.0,0.175
607,2022-06-15 13:20:11.230,2022-06-15 13:20:11.386,13:20:11.230,1655270411.0,1655270411230.0,1655270411386.0,0.156
608,2022-06-15 13:20:13.850,2022-06-15 13:20:14.125,13:20:13.850,1655270413.0,1655270413850.0,1655270414125.0,0.275
609,2022-06-15 13:20:16.780,2022-06-15 13:20:16.870,13:20:16.780,1655270416.0,1655270416780.0,1655270416870.0,0.09
610,2022-06-15 13:20:48.670,2022-06-15 13:20:48.869,13:20:48.670,1655270448.0,1655270448670.0,1655270448869.0,0.199
611,2022-06-15 13:20:48.670,2022-06-15 13:20:48.875,13:20:48.670,1655270448.0,1655270448670.0,1655270448875.0,0.205
612,2022-06-15 13:20:51.720,2022-06-15 13:20:51.879,13:20:51.720,1655270451.0,1655270451720.0,1655270451879.0,0.159
613,2022-06-15 13:22:07.160,2022-06-15 13:22:07.371,13:22:07.160,1655270527.0,1655270527160.0,1655270527371.0,0.211
614,2022-06-15 13:22:14.030,2022-06-15 13:22:14.122,13:22:14.030,1655270534.0,1655270534030.0,1655270534122.0,0.092
615,2022-06-15 13:22:14.090,2022-06-15 13:22:14.365,13:22:14.090,1655270534.0,1655270534090.0,1655270534365.0,0.275
616,2022-06-15 13:22:14.090,2022-06-15 13:22:14.365,13:22:14.090,1655270534.0,1655270534090.0,1655270534365.0,0.275
617,2022-06-15 13:22:14.140,2022-06-15 13:22:14.365,13:22:14.140,1655270534.0,1655270534140.0,1655270534365.0,0.225
618,2022-06-15 13:22:14.180,2022-06-15 13:22:14.365,13:22:14.180,1655270534.0,1655270534180.0,1655270534365.0,0.185
619,2022-06-15 13:22:14.180,2022-06-15 13:22:14.365,13:22:14.180,1655270534.0,1655270534180.0,1655270534365.0,0.185
620,2022-06-15 13:22:14.390,2022-06-15 13:22:14.617,13:22:14.390,1655270534.0,1655270534390.0,1655270534617.0,0.227
621,2022-06-15 13:22:14.410,2022-06-15 13:22:14.617,13:22:14.410,1655270534.0,1655270534410.0,1655270534617.0,0.207
622,2022-06-15 13:22:17.170,2022-06-15 13:22:17.369,13:22:17.170,1655270537.0,1655270537170.0,1655270537369.0,0.199
623,2022-06-15 13:22:57.860,2022-06-15 13:22:58.114,13:22:57.860,1655270577.0,1655270577860.0,1655270578114.0,0.254
624,2022-06-15 13:22:57.980,2022-06-15 13:22:58.114,13:22:57.980,1655270577.0,1655270577980.0,1655270578114.0,0.134
625,2022-06-15 13:22:58.070,2022-06-15 13:22:58.366,13:22:58.070,1655270578.0,1655270578070.0,1655270578366.0,0.296
626,2022-06-15 13:22:58.120,2022-06-15 13:22:58.366,13:22:58.120,1655270578.0,1655270578120.0,1655270578366.0,0.246
627,2022-06-15 13:22:58.130,2022-06-15 13:22:58.366,13:22:58.130,1655270578.0,1655270578130.0,1655270578366.0,0.236
628,2022-06-15 13:22:58.160,2022-06-15 13:22:58.366,13:22:58.160,1655270578.0,1655270578160.0,1655270578366.0,0.206
629,2022-06-15 13:22:58.170,2022-06-15 13:22:58.366,13:22:58.170,1655270578.0,1655270578170.0,1655270578366.0,0.196
630,2022-06-15 13:23:01.950,2022-06-15 13:23:02.131,13:23:01.950,1655270581.0,1655270581950.0,1655270582131.0,0.181
631,2022-06-15 13:24:40.920,2022-06-15 13:24:41.123,13:24:40.920,1655270680.0,1655270680920.0,1655270681123.0,0.203
632,2022-06-15 13:24:42.970,2022-06-15 13:24:43.118,13:24:42.970,1655270682.0,1655270682970.0,1655270683118.0,0.148
633,2022-06-15 13:24:42.970,2022-06-15 13:24:43.118,13:24:42.970,1655270682.0,1655270682970.0,1655270683118.0,0.148
634,2022-06-15 13:24:43.140,2022-06-15 13:24:43.369,13:24:43.140,1655270683.0,1655270683140.0,1655270683369.0,0.229
635,2022-06-15 13:24:43.140,2022-06-15 13:24:43.369,13:24:43.140,1655270683.0,1655270683140.0,1655270683369.0,0.229
636,2022-06-15 13:24:43.980,2022-06-15 13:24:44.134,13:24:43.980,1655270683.0,1655270683980.0,1655270684134.0,0.154
637,2022-06-15 13:25:00.750,2022-06-15 13:25:00.872,13:25:00.750,1655270700.0,1655270700750.0,1655270700872.0,0.122
638,2022-06-15 13:25:20.640,2022-06-15 13:25:20.867,13:25:20.640,1655270720.0,1655270720640.0,1655270720867.0,0.227
639,2022-06-15 13:25:20.640,2022-06-15 13:25:20.867,13:25:20.640,1655270720.0,1655270720640.0,1655270720867.0,0.227
640,2022-06-15 13:27:06.970,2022-06-15 13:27:07.123,13:27:06.970,1655270826.0,1655270826970.0,1655270827123.0,0.153
641,2022-06-15 13:27:06.970,2022-06-15 13:27:07.123,13:27:06.970,1655270826.0,1655270826970.0,1655270827123.0,0.153
642,2022-06-15 13:32:51.850,2022-06-15 13:32:52.118,13:32:51.850,1655271171.0,1655271171850.0,1655271172118.0,0.268
643,2022-06-15 13:32:51.910,2022-06-15 13:32:52.118,13:32:51.910,1655271171.0,1655271171910.0,1655271172118.0,0.208
644,2022-06-15 13:32:51.940,2022-06-15 13:32:52.118,13:32:51.940,1655271171.0,1655271171940.0,1655271172118.0,0.178
645,2022-06-15 13:32:51.960,2022-06-15 13:32:52.118,13:32:51.960,1655271171.0,1655271171960.0,1655271172118.0,0.158
646,2022-06-15 13:32:52.650,2022-06-15 13:32:52.867,13:32:52.650,1655271172.0,1655271172650.0,1655271172867.0,0.217
647,2022-06-15 13:35:21.300,2022-06-15 13:35:21.380,13:35:21.300,1655271321.0,1655271321300.0,1655271321380.0,0.08
648,2022-06-15 13:38:23.730,2022-06-15 13:38:23.871,13:38:23.730,1655271503.0,1655271503730.0,1655271503871.0,0.141
649,2022-06-15 13:38:23.730,2022-06-15 13:38:23.871,13:38:23.730,1655271503.0,1655271503730.0,1655271503871.0,0.141
650,2022-06-15 13:39:23.970,2022-06-15 13:39:24.118,13:39:23.970,1655271563.0,1655271563970.0,1655271564118.0,0.148
651,2022-06-15 13:39:23.970,2022-06-15 13:39:24.118,13:39:23.970,1655271563.0,1655271563970.0,1655271564118.0,0.148
652,2022-06-15 13:39:23.970,2022-06-15 13:39:24.118,13:39:23.970,1655271563.0,1655271563970.0,1655271564118.0,0.148
653,2022-06-15 13:40:27.770,2022-06-15 13:40:27.867,13:40:27.770,1655271627.0,1655271627770.0,1655271627867.0,0.097
654,2022-06-15 13:40:27.870,2022-06-15 13:40:28.122,13:40:27.870,1655271627.0,1655271627870.0,1655271628122.0,0.252
655,2022-06-15 13:40:27.890,2022-06-15 13:40:28.122,13:40:27.890,1655271627.0,1655271627890.0,1655271628122.0,0.232
656,2022-06-15 13:42:07.620,2022-06-15 13:42:07.871,13:42:07.620,1655271727.0,1655271727620.0,1655271727871.0,0.251
657,2022-06-15 13:42:07.680,2022-06-15 13:42:07.871,13:42:07.680,1655271727.0,1655271727680.0,1655271727871.0,0.191
658,2022-06-15 13:42:07.700,2022-06-15 13:42:07.871,13:42:07.700,1655271727.0,1655271727700.0,1655271727871.0,0.171
659,2022-06-15 13:42:07.720,2022-06-15 13:42:07.871,13:42:07.720,1655271727.0,1655271727720.0,1655271727871.0,0.151
660,2022-06-15 13:44:24.500,2022-06-15 13:44:24.630,13:44:24.500,1655271864.0,1655271864500.0,1655271864630.0,0.13
661,2022-06-15 13:45:16.040,2022-06-15 13:45:16.184,13:45:16.040,1655271916.0,1655271916040.0,1655271916184.0,0.144
662,2022-06-15 13:45:52.920,2022-06-15 13:45:53.121,13:45:52.920,1655271952.0,1655271952920.0,1655271953121.0,0.201
663,2022-06-15 13:45:52.920,2022-06-15 13:45:53.121,13:45:52.920,1655271952.0,1655271952920.0,1655271953121.0,0.201
664,2022-06-15 13:45:52.920,2022-06-15 13:45:53.121,13:45:52.920,1655271952.0,1655271952920.0,1655271953121.0,0.201
665,2022-06-15 13:46:10.800,2022-06-15 13:46:10.875,13:46:10.800,1655271970.0,1655271970800.0,1655271970875.0,0.075
666,2022-06-15 13:46:10.800,2022-06-15 13:46:10.875,13:46:10.800,1655271970.0,1655271970800.0,1655271970875.0,0.075
667,2022-06-15 13:48:49.700,2022-06-15 13:48:49.874,13:48:49.700,1655272129.0,1655272129700.0,1655272129874.0,0.174
668,2022-06-15 13:48:49.830,2022-06-15 13:48:50.124,13:48:49.830,1655272129.0,1655272129830.0,1655272130124.0,0.294
669,2022-06-15 13:48:52.620,2022-06-15 13:48:52.871,13:48:52.620,1655272132.0,1655272132620.0,1655272132871.0,0.251
670,2022-06-15 13:49:09.560,2022-06-15 13:49:09.629,13:49:09.560,1655272149.0,1655272149560.0,1655272149629.0,0.069
671,2022-06-15 13:50:52.890,2022-06-15 13:50:53.120,13:50:52.890,1655272252.0,1655272252890.0,1655272253120.0,0.23
672,2022-06-15 13:51:01.900,2022-06-15 13:51:02.125,13:51:01.900,1655272261.0,1655272261900.0,1655272262125.0,0.225
673,2022-06-15 13:51:30.870,2022-06-15 13:51:31.123,13:51:30.870,1655272290.0,1655272290870.0,1655272291123.0,0.253
674,2022-06-15 13:51:55.700,2022-06-15 13:51:55.878,13:51:55.700,1655272315.0,1655272315700.0,1655272315878.0,0.178
675,2022-06-15 13:51:55.700,2022-06-15 13:51:55.878,13:51:55.700,1655272315.0,1655272315700.0,1655272315878.0,0.178
676,2022-06-15 13:57:42.020,2022-06-15 13:57:42.131,13:57:42.020,1655272662.0,1655272662020.0,1655272662131.0,0.111
677,2022-06-15 13:59:24.730,2022-06-15 13:59:24.877,13:59:24.730,1655272764.0,1655272764730.0,1655272764877.0,0.147
678,2022-06-15 14:01:03.890,2022-06-15 14:01:04.129,14:01:03.890,1655272863.0,1655272863890.0,1655272864129.0,0.239
679,2022-06-15 14:03:15.730,2022-06-15 14:03:15.887,14:03:15.730,1655272995.0,1655272995730.0,1655272995887.0,0.157
680,2022-06-15 14:08:04.380,2022-06-15 14:08:04.630,14:08:04.380,1655273284.0,1655273284380.0,1655273284630.0,0.25
681,2022-06-15 14:08:04.380,2022-06-15 14:08:04.630,14:08:04.380,1655273284.0,1655273284380.0,1655273284630.0,0.25
682,2022-06-15 14:08:06.920,2022-06-15 14:08:07.131,14:08:06.920,1655273286.0,1655273286920.0,1655273287131.0,0.211
683,2022-06-15 14:08:07.350,2022-06-15 14:08:07.643,14:08:07.350,1655273287.0,1655273287350.0,1655273287643.0,0.293
684,2022-06-15 14:08:09.870,2022-06-15 14:08:10.132,14:08:09.870,1655273289.0,1655273289870.0,1655273290132.0,0.262
685,2022-06-15 14:08:12.340,2022-06-15 14:08:12.640,14:08:12.340,1655273292.0,1655273292340.0,1655273292640.0,0.3
686,2022-06-15 14:08:12.340,2022-06-15 14:08:12.640,14:08:12.340,1655273292.0,1655273292340.0,1655273292640.0,0.3
687,2022-06-15 14:08:12.340,2022-06-15 14:08:12.640,14:08:12.340,1655273292.0,1655273292340.0,1655273292640.0,0.3
688,2022-06-15 14:08:12.340,2022-06-15 14:08:12.640,14:08:12.340,1655273292.0,1655273292340.0,1655273292640.0,0.3
689,2022-06-15 14:08:47.060,2022-06-15 14:08:47.132,14:08:47.060,1655273327.0,1655273327060.0,1655273327132.0,0.072
690,2022-06-15 14:08:47.120,2022-06-15 14:08:47.377,14:08:47.120,1655273327.0,1655273327120.0,1655273327377.0,0.257
691,2022-06-15 14:08:47.120,2022-06-15 14:08:47.377,14:08:47.120,1655273327.0,1655273327120.0,1655273327377.0,0.257
692,2022-06-15 14:08:47.120,2022-06-15 14:08:47.377,14:08:47.120,1655273327.0,1655273327120.0,1655273327377.0,0.257
693,2022-06-15 14:08:47.240,2022-06-15 14:08:47.377,14:08:47.240,1655273327.0,1655273327240.0,1655273327377.0,0.137
694,2022-06-15 14:08:47.280,2022-06-15 14:08:47.377,14:08:47.280,1655273327.0,1655273327280.0,1655273327377.0,0.097
695,2022-06-15 14:08:49.020,2022-06-15 14:08:49.127,14:08:49.020,1655273329.0,1655273329020.0,1655273329127.0,0.107
696,2022-06-15 14:08:49.120,2022-06-15 14:08:49.378,14:08:49.120,1655273329.0,1655273329120.0,1655273329378.0,0.258
697,2022-06-15 14:08:49.120,2022-06-15 14:08:49.378,14:08:49.120,1655273329.0,1655273329120.0,1655273329378.0,0.258
698,2022-06-15 14:08:49.150,2022-06-15 14:08:49.378,14:08:49.150,1655273329.0,1655273329150.0,1655273329378.0,0.228
699,2022-06-15 14:08:49.150,2022-06-15 14:08:49.378,14:08:49.150,1655273329.0,1655273329150.0,1655273329378.0,0.228
700,2022-06-15 14:08:49.460,2022-06-15 14:08:49.628,14:08:49.460,1655273329.0,1655273329460.0,1655273329628.0,0.168
701,2022-06-15 14:08:50.130,2022-06-15 14:08:50.391,14:08:50.130,1655273330.0,1655273330130.0,1655273330391.0,0.261
702,2022-06-15 14:08:50.140,2022-06-15 14:08:50.391,14:08:50.140,1655273330.0,1655273330140.0,1655273330391.0,0.251
703,2022-06-15 14:08:52.000,2022-06-15 14:08:52.132,14:08:52.000,1655273332.0,1655273332000.0,1655273332132.0,0.132
704,2022-06-15 14:08:52.150,2022-06-15 14:08:52.377,14:08:52.150,1655273332.0,1655273332150.0,1655273332377.0,0.227
705,2022-06-15 14:08:52.150,2022-06-15 14:08:52.377,14:08:52.150,1655273332.0,1655273332150.0,1655273332377.0,0.227
706,2022-06-15 14:08:52.160,2022-06-15 14:08:52.377,14:08:52.160,1655273332.0,1655273332160.0,1655273332377.0,0.217
707,2022-06-15 14:08:53.160,2022-06-15 14:08:53.379,14:08:53.160,1655273333.0,1655273333160.0,1655273333379.0,0.219
708,2022-06-15 14:08:53.180,2022-06-15 14:08:53.379,14:08:53.180,1655273333.0,1655273333180.0,1655273333379.0,0.199
709,2022-06-15 14:09:39.790,2022-06-15 14:09:39.878,14:09:39.790,1655273379.0,1655273379790.0,1655273379878.0,0.088
710,2022-06-15 14:11:03.140,2022-06-15 14:11:03.378,14:11:03.140,1655273463.0,1655273463140.0,1655273463378.0,0.238
711,2022-06-15 14:21:23.710,2022-06-15 14:21:23.881,14:21:23.710,1655274083.0,1655274083710.0,1655274083881.0,0.171
712,2022-06-15 14:22:19.070,2022-06-15 14:22:19.129,14:22:19.070,1655274139.0,1655274139070.0,1655274139129.0,0.059
713,2022-06-15 14:29:16.040,2022-06-15 14:29:16.132,14:29:16.040,1655274556.0,1655274556040.0,1655274556132.0,0.092
714,2022-06-15 14:29:16.040,2022-06-15 14:29:16.132,14:29:16.040,1655274556.0,1655274556040.0,1655274556132.0,0.092
715,2022-06-15 14:29:16.040,2022-06-15 14:29:16.132,14:29:16.040,1655274556.0,1655274556040.0,1655274556132.0,0.092
716,2022-06-15 14:29:16.040,2022-06-15 14:29:16.132,14:29:16.040,1655274556.0,1655274556040.0,1655274556132.0,0.092
717,2022-06-15 14:29:34.060,2022-06-15 14:29:34.136,14:29:34.060,1655274574.0,1655274574060.0,1655274574136.0,0.076
718,2022-06-15 14:30:34.030,2022-06-15 14:30:34.135,14:30:34.030,1655274634.0,1655274634030.0,1655274634135.0,0.105
719,2022-06-15 14:30:55.450,2022-06-15 14:30:55.630,14:30:55.450,1655274655.0,1655274655450.0,1655274655630.0,0.18
720,2022-06-15 14:30:55.450,2022-06-15 14:30:55.630,14:30:55.450,1655274655.0,1655274655450.0,1655274655630.0,0.18
721,2022-06-15 14:30:55.530,2022-06-15 14:30:55.630,14:30:55.530,1655274655.0,1655274655530.0,1655274655630.0,0.1
722,2022-06-15 14:30:55.530,2022-06-15 14:30:55.630,14:30:55.530,1655274655.0,1655274655530.0,1655274655630.0,0.1
723,2022-06-15 14:33:18.080,2022-06-15 14:33:18.139,14:33:18.080,1655274798.0,1655274798080.0,1655274798139.0,0.059
724,2022-06-15 14:33:18.080,2022-06-15 14:33:18.139,14:33:18.080,1655274798.0,1655274798080.0,1655274798139.0,0.059
725,2022-06-15 14:34:02.590,2022-06-15 14:34:02.887,14:34:02.590,1655274842.0,1655274842590.0,1655274842887.0,0.297
726,2022-06-15 14:34:02.590,2022-06-15 14:34:02.887,14:34:02.590,1655274842.0,1655274842590.0,1655274842887.0,0.297
727,2022-06-15 14:34:34.470,2022-06-15 14:34:34.636,14:34:34.470,1655274874.0,1655274874470.0,1655274874636.0,0.166
728,2022-06-15 14:34:34.470,2022-06-15 14:34:34.636,14:34:34.470,1655274874.0,1655274874470.0,1655274874636.0,0.166
729,2022-06-15 14:34:34.470,2022-06-15 14:34:34.636,14:34:34.470,1655274874.0,1655274874470.0,1655274874636.0,0.166
730,2022-06-15 14:39:28.520,2022-06-15 14:39:28.637,14:39:28.520,1655275168.0,1655275168520.0,1655275168637.0,0.117
731,2022-06-15 14:39:28.940,2022-06-15 14:39:29.138,14:39:28.940,1655275168.0,1655275168940.0,1655275169138.0,0.198
732,2022-06-15 14:39:55.960,2022-06-15 14:39:56.140,14:39:55.960,1655275195.0,1655275195960.0,1655275196140.0,0.18
733,2022-06-15 14:39:57.040,2022-06-15 14:39:57.145,14:39:57.040,1655275197.0,1655275197040.0,1655275197145.0,0.105
734,2022-06-15 14:39:57.210,2022-06-15 14:39:57.386,14:39:57.210,1655275197.0,1655275197210.0,1655275197386.0,0.176
735,2022-06-15 14:39:58.990,2022-06-15 14:39:59.143,14:39:58.990,1655275198.0,1655275198990.0,1655275199143.0,0.153
736,2022-06-15 14:39:58.990,2022-06-15 14:39:59.143,14:39:58.990,1655275198.0,1655275198990.0,1655275199143.0,0.153
737,2022-06-15 14:39:58.990,2022-06-15 14:39:59.143,14:39:58.990,1655275198.0,1655275198990.0,1655275199143.0,0.153
738,2022-06-15 14:40:02.000,2022-06-15 14:40:02.151,14:40:02.000,1655275202.0,1655275202000.0,1655275202151.0,0.151
739,2022-06-15 14:40:02.210,2022-06-15 14:40:02.396,14:40:02.210,1655275202.0,1655275202210.0,1655275202396.0,0.186
740,2022-06-15 14:40:04.960,2022-06-15 14:40:05.143,14:40:04.960,1655275204.0,1655275204960.0,1655275205143.0,0.183
741,2022-06-15 14:40:08.000,2022-06-15 14:40:08.147,14:40:08.000,1655275208.0,1655275208000.0,1655275208147.0,0.147
742,2022-06-15 14:40:10.980,2022-06-15 14:40:11.146,14:40:10.980,1655275210.0,1655275210980.0,1655275211146.0,0.166
743,2022-06-15 14:43:08.550,2022-06-15 14:43:08.893,14:43:08.550,1655275388.0,1655275388550.0,1655275388893.0,0.343
744,2022-06-15 14:43:21.890,2022-06-15 14:43:22.137,14:43:21.890,1655275401.0,1655275401890.0,1655275402137.0,0.247
745,2022-06-15 14:44:31.830,2022-06-15 14:44:31.911,14:44:31.830,1655275471.0,1655275471830.0,1655275471911.0,0.081
746,2022-06-15 14:44:34.830,2022-06-15 14:44:35.138,14:44:34.830,1655275474.0,1655275474830.0,1655275475138.0,0.308
747,2022-06-15 14:44:44.070,2022-06-15 14:44:44.141,14:44:44.070,1655275484.0,1655275484070.0,1655275484141.0,0.071
748,2022-06-15 14:45:47.050,2022-06-15 14:45:47.144,14:45:47.050,1655275547.0,1655275547050.0,1655275547144.0,0.094
749,2022-06-15 14:46:31.490,2022-06-15 14:46:31.658,14:46:31.490,1655275591.0,1655275591490.0,1655275591658.0,0.168
750,2022-06-15 14:46:40.800,2022-06-15 14:46:40.894,14:46:40.800,1655275600.0,1655275600800.0,1655275600894.0,0.094
751,2022-06-15 14:47:15.570,2022-06-15 14:47:15.655,14:47:15.570,1655275635.0,1655275635570.0,1655275635655.0,0.085
752,2022-06-15 14:47:15.830,2022-06-15 14:47:16.141,14:47:15.830,1655275635.0,1655275635830.0,1655275636141.0,0.311
753,2022-06-15 14:50:08.670,2022-06-15 14:50:08.896,14:50:08.670,1655275808.0,1655275808670.0,1655275808896.0,0.226
754,2022-06-15 14:51:23.030,2022-06-15 14:51:23.147,14:51:23.030,1655275883.0,1655275883030.0,1655275883147.0,0.117
755,2022-06-15 14:55:05.970,2022-06-15 14:55:06.149,14:55:05.970,1655276105.0,1655276105970.0,1655276106149.0,0.179
